id,first_name,last_name,email,gender,balance
1,Ephrem,Senecaut,esenecaut0@csmonitor.com,Male,243.06
2,Bevan,Stendall,bstendall1@npr.org,Male,400.14
3,Adan,McAlinion,amcalinion2@google.com.br,Female,-528.94
4,Nessie,Ingreda,ningreda3@blinklist.com,Female,205.27
5,Marna,Melmoth,mmelmoth4@sina.com.cn,Female,105.59
6,Napoleon,Crusham,ncrusham5@harvard.edu,Male,-253.84
7,Rena,Balmadier,rbalmadier6@scientificamerican.com,Polygender,-590.28
8,Finlay,Payn,fpayn7@admin.ch,Male,837.15
9,Jemimah,Andri,jandri8@posterous.com,Female,826.31
10,Agnola,Gillyatt,agillyatt9@sitemeter.com,Female,-539.54
11,Pia,Wisedale,pwisedalea@gnu.org,Bigender,-825.89
12,Keefer,Joselson,kjoselsonb@ted.com,Male,-482.78
13,Godiva,Forlong,gforlongc@symantec.com,Female,-714.6
14,Rey,O'Fallowne,rofallowned@google.com.br,Male,267.06
15,Estele,Gargett,egargette@webeden.co.uk,Female,-298.22
16,Barrett,Treadway,btreadwayf@phoca.cz,Male,-428.99
17,Pauline,Crosher,pcrosherg@taobao.com,Female,109.16
18,Bette-ann,Wickersley,bwickersleyh@forbes.com,Female,-611.57
19,Vinny,Kunisch,vkunischi@exblog.jp,Male,943.89
20,Fanni,Matas,fmatasj@booking.com,Female,-711.75
21,Hi,Cristoforo,hcristoforok@bloomberg.com,Male,-421.53
22,Flint,Czyz,fczyzl@bloglines.com,Male,-723.43
23,Sharai,Lusher,slusherm@yale.edu,Female,-852.9
24,Cherin,Ternouth,cternouthn@spiegel.de,Female,-425.09
25,Merci,Weetch,mweetcho@miibeian.gov.cn,Female,371.41
26,Theo,Baylis,tbaylisp@admin.ch,Female,703.91
27,Keary,Jubert,kjubertq@goo.ne.jp,Male,540.89
28,Tanny,Deane,tdeaner@noaa.gov,Male,963.6
29,Annamarie,Goodinge,agoodinges@harvard.edu,Female,-3.98
30,Claudine,Feyer,cfeyert@weebly.com,Female,88.84
31,Zondra,Markus,zmarkusu@foxnews.com,Female,-345.74
32,Ema,Mathevet,emathevetv@dell.com,Female,414.81
33,Julianna,Josebury,jjoseburyw@purevolume.com,Female,-37.63
34,Maggee,Naisey,mnaiseyx@so-net.ne.jp,Genderfluid,610.52
35,Frayda,Stivani,fstivaniy@senate.gov,Female,455.99
36,Janek,Filippo,jfilippoz@scribd.com,Male,73.76
37,Hewe,Cowin,hcowin10@liveinternet.ru,Male,-671.92
38,Katherina,Gelder,kgelder11@quantcast.com,Female,227.38
39,Reg,O'Geneay,rogeneay12@senate.gov,Male,144.79
40,Othella,Yakobovicz,oyakobovicz13@reference.com,Female,-863.78
41,Tarrance,Ranns,tranns14@cafepress.com,Male,-286.32
42,Billy,Taw,btaw15@opera.com,Male,206.27
43,Frederik,Bradden,fbradden16@craigslist.org,Male,-521.07
44,Una,Blooman,ublooman17@china.com.cn,Female,882.85
45,Sarita,Greber,sgreber18@infoseek.co.jp,Female,-42.89
46,Darnell,Beazer,dbeazer19@cnet.com,Male,444.15
47,Currey,Cowitz,ccowitz1a@yelp.com,Male,-178.53
48,Vern,Bulger,vbulger1b@slashdot.org,Male,544.43
49,Sheffield,Kennally,skennally1c@squarespace.com,Male,-490.3
50,Alfredo,Maro,amaro1d@cafepress.com,Male,-181.87
51,Dominick,Dyton,ddyton1e@newsvine.com,Male,868.15
52,Theadora,Deftie,tdeftie1f@businessinsider.com,Female,-774.63
53,Florette,Keam,fkeam1g@sourceforge.net,Female,-519.63
54,Jarvis,Gaffey,jgaffey1h@live.com,Male,-126.0
55,Pascale,Roskeilly,proskeilly1i@elpais.com,Male,-642.55
56,Leonardo,Pactat,lpactat1j@seesaa.net,Male,841.35
57,Tasia,Brightwell,tbrightwell1k@wunderground.com,Female,-190.11
58,Valentino,O'Loghlen,vologhlen1l@jalbum.net,Polygender,465.32
59,Gerri,Bramwich,gbramwich1m@ow.ly,Male,818.01
60,Milty,Lugsdin,mlugsdin1n@apache.org,Male,362.72
61,Larisa,Deniset,ldeniset1o@jiathis.com,Female,626.37
62,Chastity,Bayldon,cbayldon1p@bing.com,Female,-961.66
63,Timothy,Jedrzejewsky,tjedrzejewsky1q@imdb.com,Male,344.94
64,Thea,Berney,tberney1r@xing.com,Female,226.84
65,Gorden,Yewdell,gyewdell1s@privacy.gov.au,Male,-23.59
66,Julieta,Palethorpe,jpalethorpe1t@webs.com,Female,-297.93
67,Marcile,Colegate,mcolegate1u@smugmug.com,Female,739.94
68,Radcliffe,Handrock,rhandrock1v@noaa.gov,Male,-754.0
69,Allyce,Medeway,amedeway1w@ehow.com,Female,-641.73
70,Jacob,O'Kelly,jokelly1x@usgs.gov,Male,413.98
71,Corabelle,Mabone,cmabone1y@vimeo.com,Genderqueer,-877.07
72,Guglielmo,Pithie,gpithie1z@tripadvisor.com,Male,-661.87
73,Padraic,Venable,pvenable20@plala.or.jp,Male,-753.53
74,Jolynn,Threadgall,jthreadgall21@ycombinator.com,Female,320.48
75,Lorelei,Knappitt,lknappitt22@zdnet.com,Female,632.77
76,Michale,De Michetti,mdemichetti23@arizona.edu,Male,739.87
77,Philippa,Castiblanco,pcastiblanco24@friendfeed.com,Female,-639.45
78,Rudiger,Drover,rdrover25@slideshare.net,Male,165.9
79,Red,Carde,rcarde26@theguardian.com,Male,-151.18
80,Laryssa,Ferfulle,lferfulle27@google.de,Female,-331.4
81,Colin,Oldroyde,coldroyde28@disqus.com,Male,-863.99
82,Jesse,Bezemer,jbezemer29@sina.com.cn,Agender,-721.85
83,Holt,Hanwell,hhanwell2a@independent.co.uk,Male,-198.58
84,Christyna,Petrelluzzi,cpetrelluzzi2b@zdnet.com,Female,600.19
85,Ronnie,Griffiths,rgriffiths2c@smh.com.au,Female,222.81
86,Elbert,Dufore,edufore2d@mtv.com,Male,-939.42
87,Padgett,Souter,psouter2e@jigsy.com,Male,-711.36
88,Katharina,Hitzmann,khitzmann2f@ibm.com,Female,-439.71
89,Mildrid,Birkin,mbirkin2g@homestead.com,Female,962.7
90,Gertrudis,Moatt,gmoatt2h@nhs.uk,Female,-832.63
91,Donalt,Garlette,dgarlette2i@yelp.com,Male,-595.26
92,Verine,Brennon,vbrennon2j@google.es,Female,-757.33
93,Demetra,Gon,dgon2k@fastcompany.com,Female,469.4
94,Timmie,Revey,trevey2l@alibaba.com,Female,671.8
95,Mycah,Whitear,mwhitear2m@marriott.com,Male,233.27
96,Emelita,Pumfrey,epumfrey2n@marriott.com,Female,-391.92
97,Jerrilee,Moloney,jmoloney2o@about.me,Female,211.17
98,Vivian,Waterson,vwaterson2p@newsvine.com,Female,-343.58
99,Dacey,Calles,dcalles2q@timesonline.co.uk,Female,-486.54
100,Reggis,Vescovo,rvescovo2r@purevolume.com,Male,48.26
101,Evelyn,Willoughey,ewilloughey2s@lycos.com,Male,-296.28
102,Harvey,Trott,htrott2t@angelfire.com,Genderfluid,116.74
103,Carline,Pagen,cpagen2u@is.gd,Female,129.73
104,Truman,Raynham,traynham2v@liveinternet.ru,Male,-341.79
105,Rafaello,Bather,rbather2w@adobe.com,Male,-585.93
106,Gretta,Copping,gcopping2x@webmd.com,Female,-694.05
107,Glyn,Gasperi,ggasperi2y@stumbleupon.com,Female,-473.36
108,Padriac,Ricson,pricson2z@home.pl,Male,-388.36
109,Bess,Saffell,bsaffell30@yahoo.co.jp,Female,-412.74
110,Brockie,Mammatt,bmammatt31@shareasale.com,Male,326.8
111,Rora,Gouinlock,rgouinlock32@nationalgeographic.com,Female,-414.51
112,Hamish,Whitley,hwhitley33@ibm.com,Male,-386.12
113,Estelle,Perot,eperot34@nbcnews.com,Female,406.89
114,Inness,Ballintyne,iballintyne35@xinhuanet.com,Male,-550.63
115,Miner,Senecaut,msenecaut36@drupal.org,Male,524.22
116,Isaak,Ugoni,iugoni37@zimbio.com,Male,-900.97
117,Sabina,Pitkins,spitkins38@myspace.com,Female,615.1
118,Rorke,Allison,rallison39@surveymonkey.com,Male,-503.9
119,Linzy,Glave,lglave3a@geocities.com,Female,-915.35
120,Stanly,Jozsika,sjozsika3b@hibu.com,Male,-993.98
121,Kenyon,Cottrell,kcottrell3c@bizjournals.com,Male,-802.33
122,Jammie,Suttie,jsuttie3d@google.de,Female,-204.89
123,Jeremy,Lineen,jlineen3e@gov.uk,Male,-985.06
124,Pammi,Rubbens,prubbens3f@newsvine.com,Agender,-354.66
125,Stearn,Amberg,samberg3g@myspace.com,Male,-719.47
126,Marinna,Tillard,mtillard3h@slate.com,Female,658.65
127,Teodora,Birchenough,tbirchenough3i@soundcloud.com,Female,-535.62
128,Maude,Thring,mthring3j@51.la,Female,-325.48
129,Kory,Daymont,kdaymont3k@mlb.com,Male,-245.24
130,Michaella,Russan,mrussan3l@narod.ru,Female,-132.91
131,Odella,Stredder,ostredder3m@upenn.edu,Female,204.13
132,Athena,Rizzardini,arizzardini3n@youku.com,Female,168.46
133,Ange,Craske,acraske3o@ucoz.ru,Female,632.74
134,Boy,Townrow,btownrow3p@chronoengine.com,Male,928.92
135,Mahmud,Arnatt,marnatt3q@moonfruit.com,Male,231.21
136,Nikita,Lyst,nlyst3r@privacy.gov.au,Male,662.29
137,Solly,Rewcassell,srewcassell3s@washingtonpost.com,Genderqueer,84.43
138,Lianna,Paulou,lpaulou3t@stumbleupon.com,Female,344.09
139,Jacki,Biggadike,jbiggadike3u@bloglines.com,Female,-81.76
140,Doroteya,Tuberfield,dtuberfield3v@zimbio.com,Female,218.44
141,Joannes,Woolpert,jwoolpert3w@guardian.co.uk,Female,821.94
142,Odette,Larmour,olarmour3x@creativecommons.org,Female,185.16
143,Moses,Glascott,mglascott3y@mlb.com,Male,596.86
144,Pedro,Riddles,priddles3z@mac.com,Male,-103.32
145,Fanya,Rathmell,frathmell40@un.org,Female,827.35
146,Jacquette,Yushankin,jyushankin41@diigo.com,Female,-994.6
147,Rickert,Babin,rbabin42@linkedin.com,Non-binary,72.17
148,Felix,Leopard,fleopard43@tinyurl.com,Male,-184.33
149,Eloisa,Driver,edriver44@t.co,Female,-133.36
150,Brnaby,Morrow,bmorrow45@shop-pro.jp,Male,749.17
151,Steven,Burd,sburd46@i2i.jp,Male,-974.95
152,Jeffry,Milan,jmilan47@usa.gov,Genderqueer,-994.71
153,Sawyere,Reace,sreace48@jiathis.com,Male,474.08
154,Tish,Kinnock,tkinnock49@google.ru,Female,938.03
155,Tobe,Picopp,tpicopp4a@ocn.ne.jp,Female,-430.41
156,Karl,Calabry,kcalabry4b@squarespace.com,Male,634.55
157,Ameline,Chubb,achubb4c@wisc.edu,Genderfluid,-419.36
158,Ebony,Alleyn,ealleyn4d@newyorker.com,Female,593.92
159,Gorden,Natt,gnatt4e@ft.com,Male,871.44
160,Kincaid,Worshall,kworshall4f@bing.com,Male,709.63
161,Teodor,Edmondson,tedmondson4g@quantcast.com,Male,-11.5
162,Kattie,Lednor,klednor4h@posterous.com,Female,214.56
163,Vernice,Kenryd,vkenryd4i@paypal.com,Female,560.02
164,Mallory,Irwin,mirwin4j@weebly.com,Female,-434.1
165,Lowe,Guihen,lguihen4k@qq.com,Male,-179.53
166,Bertha,Chesters,bchesters4l@wunderground.com,Female,-34.79
167,Elisabet,Hedney,ehedney4m@free.fr,Female,-87.98
168,Fabiano,Birch,fbirch4n@qq.com,Male,-819.29
169,Elfrida,Mannakee,emannakee4o@hhs.gov,Female,-322.12
170,Ardisj,Bullivant,abullivant4p@simplemachines.org,Female,-928.54
171,Rriocard,Dumbarton,rdumbarton4q@hp.com,Male,131.53
172,Starlene,Oxborough,soxborough4r@opensource.org,Female,-272.78
173,Xymenes,Bloys,xbloys4s@example.com,Male,-8.87
174,Ingmar,Josephsen,ijosephsen4t@github.io,Male,636.96
175,Tuck,Craigg,tcraigg4u@bluehost.com,Male,699.91
176,Miriam,Aireton,maireton4v@yellowpages.com,Female,-674.63
177,Theresa,Ewence,tewence4w@thetimes.co.uk,Female,-900.01
178,Abdul,Attiwill,aattiwill4x@prlog.org,Genderqueer,-483.26
179,Ira,Cottey,icottey4y@sogou.com,Male,551.08
180,Mureil,Tomczykiewicz,mtomczykiewicz4z@about.me,Agender,558.01
181,Charita,Honeyghan,choneyghan50@ftc.gov,Bigender,-753.21
182,Reade,Ornils,rornils51@senate.gov,Male,828.07
183,Lacy,Seeking,lseeking52@dailymail.co.uk,Female,-641.58
184,Johna,McBryde,jmcbryde53@msu.edu,Female,72.14
185,Amalee,Jankovic,ajankovic54@spotify.com,Female,203.46
186,Kathe,Dottrell,kdottrell55@dailymail.co.uk,Female,-968.87
187,Ashlie,Leavry,aleavry56@usgs.gov,Genderfluid,971.5
188,Andriette,Brotherwood,abrotherwood57@freewebs.com,Female,830.51
189,Victor,Beekmann,vbeekmann58@indiegogo.com,Male,224.14
190,Hernando,Rockcliff,hrockcliff59@skype.com,Male,39.03
191,Burl,Cunney,bcunney5a@ehow.com,Male,990.85
192,Josselyn,Casone,jcasone5b@hibu.com,Female,782.77
193,Paton,McNab,pmcnab5c@lycos.com,Male,-652.58
194,Ema,Hildred,ehildred5d@pinterest.com,Female,-260.55
195,Adorne,Guidera,aguidera5e@mediafire.com,Female,249.81
196,Elroy,Kightly,ekightly5f@youku.com,Male,-632.96
197,Georgy,Bartolomeoni,gbartolomeoni5g@wordpress.org,Male,903.53
198,Rriocard,Renn,rrenn5h@cloudflare.com,Male,-677.95
199,Ronald,Abrahim,rabrahim5i@printfriendly.com,Male,727.21
200,Vania,Garrison,vgarrison5j@msu.edu,Non-binary,-281.74
201,Tova,Manske,tmanske5k@1und1.de,Female,693.37
202,Windy,Fletcher,wfletcher5l@house.gov,Female,835.08
203,Ola,Lawrenceson,olawrenceson5m@yahoo.co.jp,Female,925.79
204,Lotte,Inglis,linglis5n@goo.gl,Female,-758.55
205,Carmelina,Fraschini,cfraschini5o@histats.com,Female,-118.35
206,Saunder,Staines,sstaines5p@merriam-webster.com,Male,-879.67
207,Priscella,Yele,pyele5q@multiply.com,Female,-916.5
208,Cherida,Scarce,cscarce5r@google.com.au,Female,964.42
209,Rayna,Chaff,rchaff5s@google.es,Female,949.13
210,Gaspar,Uzelli,guzelli5t@1und1.de,Male,-558.6
211,Ianthe,Haselhurst,ihaselhurst5u@ovh.net,Female,-327.22
212,Mort,Chandlar,mchandlar5v@pcworld.com,Male,-271.3
213,Noel,Lumbers,nlumbers5w@networkadvertising.org,Male,-194.81
214,Yulma,Crop,ycrop5x@google.es,Male,70.42
215,Therese,Edrich,tedrich5y@booking.com,Female,-701.78
216,Beatriz,Durbann,bdurbann5z@hud.gov,Female,-317.39
217,Burnard,Guilloton,bguilloton60@godaddy.com,Male,-484.26
218,Torrence,Lujan,tlujan61@nydailynews.com,Male,-285.5
219,Marguerite,Ouldcott,mouldcott62@phpbb.com,Female,369.3
220,Waverley,Rafter,wrafter63@skype.com,Male,613.43
221,Ty,D'Adda,tdadda64@myspace.com,Male,303.93
222,Darya,Rheaume,drheaume65@answers.com,Female,751.42
223,Rinaldo,Pinxton,rpinxton66@furl.net,Male,-370.14
224,Davie,Gloy,dgloy67@unblog.fr,Male,371.54
225,Michaelina,Verner,mverner68@craigslist.org,Female,-403.76
226,Gilberte,Doxsey,gdoxsey69@hao123.com,Female,-795.75
227,Grata,Boord,gboord6a@bravesites.com,Female,255.02
228,Kendall,Marven,kmarven6b@yellowpages.com,Agender,-371.33
229,Kariotta,Cuskery,kcuskery6c@ucoz.com,Female,865.45
230,Meridith,Latus,mlatus6d@cbsnews.com,Female,797.58
231,Cher,Speeks,cspeeks6e@merriam-webster.com,Female,607.27
232,Coral,Kleinmann,ckleinmann6f@edublogs.org,Female,-803.86
233,Calida,Whitfield,cwhitfield6g@microsoft.com,Non-binary,-278.44
234,Bobbye,Robertshaw,brobertshaw6h@ovh.net,Female,164.33
235,Northrup,Cowan,ncowan6i@google.de,Male,257.16
236,Jo ann,Steggles,jsteggles6j@deliciousdays.com,Female,379.45
237,Saxon,Swadden,sswadden6k@msn.com,Male,409.28
238,Leighton,Ausher,lausher6l@cbslocal.com,Male,371.12
239,Beckie,Emlyn,bemlyn6m@stanford.edu,Female,-842.68
240,Dell,Clinton,dclinton6n@about.me,Female,309.31
241,Christiano,Tuhy,ctuhy6o@wisc.edu,Male,402.48
242,Pauli,Rickesies,prickesies6p@mashable.com,Female,-73.36
243,Salomone,Josowitz,sjosowitz6q@tumblr.com,Male,-165.0
244,Llewellyn,De Gregoli,ldegregoli6r@jimdo.com,Male,710.47
245,Marje,Dodsworth,mdodsworth6s@facebook.com,Female,894.42
246,Antoine,Ledrun,aledrun6t@1und1.de,Male,529.15
247,Devlin,Jaquest,djaquest6u@accuweather.com,Male,-510.08
248,Carlin,Pyle,cpyle6v@paypal.com,Male,-837.22
249,Jeffie,Fargher,jfargher6w@harvard.edu,Male,-567.98
250,Vaughan,Carnegy,vcarnegy6x@sakura.ne.jp,Non-binary,107.86
251,Tamra,Teasey,tteasey6y@eepurl.com,Female,-228.55
252,Corissa,Thurley,cthurley6z@engadget.com,Non-binary,800.28
253,Tadio,Jellyman,tjellyman70@mysql.com,Male,-419.21
254,Pennie,Haydock,phaydock71@google.nl,Female,598.25
255,Romona,Padillo,rpadillo72@blogs.com,Female,577.62
256,Tailor,Cowlin,tcowlin73@virginia.edu,Male,-828.34
257,Noni,Brolechan,nbrolechan74@thetimes.co.uk,Female,-4.26
258,Felicity,Duggon,fduggon75@skype.com,Female,-825.6
259,Junina,Gasking,jgasking76@bbb.org,Female,926.39
260,Jesus,Lyal,jlyal77@godaddy.com,Male,-101.4
261,Helsa,Munnings,hmunnings78@bluehost.com,Female,-129.21
262,Che,Blackshaw,cblackshaw79@dropbox.com,Male,-306.11
263,Urbanus,Lettley,ulettley7a@eventbrite.com,Male,466.49
264,Debra,Guinan,dguinan7b@house.gov,Female,-358.97
265,L;urette,Antonnikov,lantonnikov7c@joomla.org,Female,-435.08
266,Elmore,Marrion,emarrion7d@eventbrite.com,Male,151.69
267,Eward,Craisford,ecraisford7e@dedecms.com,Male,-254.98
268,Bess,Dunbabin,bdunbabin7f@nydailynews.com,Female,67.91
269,Phillis,Huikerby,phuikerby7g@sfgate.com,Female,636.57
270,Booth,Showl,bshowl7h@istockphoto.com,Male,465.4
271,Ardath,Raffeorty,araffeorty7i@pagesperso-orange.fr,Female,-108.11
272,Anselm,Ainge,aainge7j@tmall.com,Male,-128.9
273,Hedi,Abley,habley7k@creativecommons.org,Female,-856.84
274,Davidde,Gresley,dgresley7l@mac.com,Male,784.48
275,Ciel,Conville,cconville7m@comcast.net,Female,15.09
276,Jorry,Abbati,jabbati7n@google.de,Female,-897.29
277,Elliott,Berntssen,eberntssen7o@google.pl,Male,762.4
278,Barbabra,Bachura,bbachura7p@foxnews.com,Female,378.79
279,Gwenneth,Jordan,gjordan7q@china.com.cn,Female,982.97
280,Trever,Crass,tcrass7r@wired.com,Male,-484.17
281,Philippa,Saffon,psaffon7s@myspace.com,Female,266.08
282,Josias,Sowden,jsowden7t@amazon.com,Genderfluid,790.92
283,Blayne,Casarino,bcasarino7u@ucoz.com,Male,-901.01
284,Maximilien,Domoni,mdomoni7v@pcworld.com,Male,99.9
285,Bearnard,Speak,bspeak7w@live.com,Male,135.95
286,Leonelle,MacAulay,lmacaulay7x@lulu.com,Female,-281.2
287,Sarina,Bonnick,sbonnick7y@washingtonpost.com,Female,983.93
288,Daria,Janney,djanney7z@craigslist.org,Female,-165.11
289,Trumann,Remmer,tremmer80@admin.ch,Male,-447.92
290,Kathie,Mousley,kmousley81@huffingtonpost.com,Female,704.88
291,Osmund,Blanshard,oblanshard82@hp.com,Male,90.03
292,Archibaldo,Tansey,atansey83@google.co.uk,Male,-671.39
293,Rod,Connechie,rconnechie84@elpais.com,Male,-947.88
294,Jordanna,Fliege,jfliege85@is.gd,Female,633.88
295,Oswald,Castanone,ocastanone86@canalblog.com,Male,-276.79
296,Roland,Corbally,rcorbally87@blogspot.com,Male,491.25
297,Sigismundo,Ricci,sricci88@merriam-webster.com,Male,118.18
298,Joycelin,Billborough,jbillborough89@friendfeed.com,Female,206.72
299,Ulrike,Dupree,udupree8a@vinaora.com,Female,-392.69
300,Jocelyn,Bortol,jbortol8b@ted.com,Female,-361.16
301,Noami,Yukhnev,nyukhnev8c@hostgator.com,Female,-329.73
302,Edgardo,Letty,eletty8d@indiatimes.com,Male,-793.39
303,Franklyn,Bedder,fbedder8e@icq.com,Male,510.15
304,Farly,Follitt,ffollitt8f@stumbleupon.com,Male,-333.34
305,Billye,Studeart,bstudeart8g@virginia.edu,Female,-879.24
306,Vern,Fermer,vfermer8h@wp.com,Male,32.23
307,Maia,Poetz,mpoetz8i@posterous.com,Female,501.87
308,Forbes,Dranfield,fdranfield8j@mozilla.com,Male,-942.87
309,Myrtle,Pre,mpre8k@toplist.cz,Female,141.51
310,Caprice,Waye,cwaye8l@tmall.com,Female,-679.97
311,Lucilia,Laible,llaible8m@1und1.de,Female,140.51
312,Donaugh,Stackbridge,dstackbridge8n@taobao.com,Male,880.06
313,Corliss,Prendeguest,cprendeguest8o@theguardian.com,Genderqueer,671.92
314,Abel,Elphinston,aelphinston8p@godaddy.com,Male,-653.46
315,Aland,Baldree,abaldree8q@devhub.com,Male,277.44
316,Janella,Ruse,jruse8r@springer.com,Female,-563.31
317,Ileana,Scudder,iscudder8s@msn.com,Female,444.49
318,Melinda,Paulig,mpaulig8t@weebly.com,Female,-563.34
319,Luisa,Fullman,lfullman8u@furl.net,Female,262.84
320,Dewey,Whitelaw,dwhitelaw8v@sciencedaily.com,Male,-140.14
321,Nil,Norree,nnorree8w@youtu.be,Male,853.28
322,Beniamino,Akrigg,bakrigg8x@theguardian.com,Male,17.22
323,Farrell,Habershaw,fhabershaw8y@reference.com,Male,-478.38
324,Palm,McGonagle,pmcgonagle8z@amazon.co.jp,Male,356.65
325,Linus,Jagiela,ljagiela90@fda.gov,Bigender,678.61
326,Nicolas,McNaught,nmcnaught91@reference.com,Male,-135.51
327,Burnard,Braden,bbraden92@yahoo.co.jp,Male,341.07
328,Sascha,Johanchon,sjohanchon93@dedecms.com,Female,-801.37
329,Rosana,Gavrieli,rgavrieli94@altervista.org,Female,59.23
330,Meredithe,Bichener,mbichener95@pbs.org,Female,876.87
331,Sophi,Growy,sgrowy96@aboutads.info,Female,-668.32
332,Loy,Ritson,lritson97@angelfire.com,Male,300.55
333,Derick,Yakebovitch,dyakebovitch98@reference.com,Male,471.39
334,Teressa,Rollins,trollins99@github.io,Female,927.15
335,Raimondo,Dubois,rdubois9a@drupal.org,Male,83.62
336,Alexia,Paviour,apaviour9b@slashdot.org,Female,-447.48
337,Camel,Lutton,clutton9c@indiegogo.com,Female,-641.78
338,Jaime,Petrescu,jpetrescu9d@huffingtonpost.com,Female,-351.3
339,Fanchon,Downer,fdowner9e@blinklist.com,Female,923.5
340,Robinette,Battle,rbattle9f@printfriendly.com,Female,-143.38
341,Oberon,Rustman,orustman9g@constantcontact.com,Male,80.02
342,Madonna,Heaney`,mheaney9h@over-blog.com,Female,-705.01
343,Bentley,Heinle,bheinle9i@cisco.com,Male,583.43
344,Leonelle,Laflin,llaflin9j@hugedomains.com,Female,-330.15
345,Tanney,Gogin,tgogin9k@wired.com,Male,4.34
346,Eba,Markovic,emarkovic9l@loc.gov,Female,257.26
347,Lindie,Yakubovics,lyakubovics9m@blogspot.com,Female,449.12
348,Orran,Clyant,oclyant9n@wiley.com,Male,-334.56
349,Joshuah,Vannacci,jvannacci9o@gizmodo.com,Male,902.22
350,Millie,Ordish,mordish9p@tuttocitta.it,Female,514.31
351,Wait,Worton,wworton9q@soup.io,Male,952.13
352,Vick,Hawarden,vhawarden9r@bloomberg.com,Male,294.74
353,Marco,McCready,mmccready9s@blogspot.com,Male,298.54
354,Tallia,Mcettrick,tmcettrick9t@howstuffworks.com,Female,647.35
355,Tiffy,Boncoeur,tboncoeur9u@disqus.com,Female,-731.47
356,Yulma,Lilie,ylilie9v@csmonitor.com,Male,96.99
357,Luci,Rime,lrime9w@quantcast.com,Female,-862.39
358,Ambros,Snalham,asnalham9x@cdc.gov,Male,-608.86
359,Irene,Petru,ipetru9y@eventbrite.com,Female,-80.29
360,Sashenka,Gasker,sgasker9z@go.com,Female,-92.44
361,Annelise,Grzelewski,agrzelewskia0@slideshare.net,Female,490.65
362,Elroy,Gibbons,egibbonsa1@sciencedirect.com,Male,831.46
363,Sophronia,Rawlingson,srawlingsona2@cbc.ca,Female,589.13
364,Allen,Rumble,arumblea3@mapy.cz,Male,488.03
365,Dionisio,McCroary,dmccroarya4@joomla.org,Male,-586.64
366,Dagny,Pardey,dpardeya5@wired.com,Male,434.41
367,Gerik,Geekin,ggeekina6@buzzfeed.com,Male,-785.12
368,Gilbertine,Campelli,gcampellia7@alexa.com,Female,-4.43
369,Mariya,Brumpton,mbrumptona8@marketwatch.com,Female,-939.97
370,Orton,Gilgryst,ogilgrysta9@ameblo.jp,Male,7.91
371,Jacinda,Etheridge,jetheridgeaa@ed.gov,Female,-860.15
372,Fidelio,Roff,froffab@uiuc.edu,Male,-801.52
373,Ashil,Abden,aabdenac@bandcamp.com,Female,238.24
374,Isidor,Swetman,iswetmanad@google.ru,Male,108.44
375,Giacomo,Archibold,garchiboldae@blogs.com,Male,-259.56
376,Norean,Studeart,nstudeartaf@psu.edu,Female,534.63
377,Fergus,Povall,fpovallag@woothemes.com,Male,411.01
378,Lissa,Roscam,lroscamah@spiegel.de,Female,-648.3
379,Victor,Dinwoodie,vdinwoodieai@fema.gov,Male,991.8
380,Keir,Harold,kharoldaj@scientificamerican.com,Male,-102.04
381,Jordanna,Kulas,jkulasak@nymag.com,Female,938.27
382,Shaina,Stannas,sstannasal@histats.com,Female,-871.95
383,Franciskus,Billin,fbillinam@ustream.tv,Male,-671.32
384,Everett,Letterick,eletterickan@jiathis.com,Male,-899.74
385,Emmet,Musterd,emusterdao@domainmarket.com,Male,-202.74
386,Rosita,Lapping,rlappingap@miibeian.gov.cn,Polygender,-387.74
387,Baxter,Fandrey,bfandreyaq@bravesites.com,Male,-550.81
388,Carlie,Alway,calwayar@vinaora.com,Female,547.84
389,Correy,Sciacovelli,csciacovellias@foxnews.com,Male,556.32
390,Jaimie,Juleff,jjuleffat@storify.com,Male,-580.78
391,Haley,Duddell,hduddellau@redcross.org,Female,-307.94
392,Jayne,Denyer,jdenyerav@ning.com,Female,988.63
393,Ania,Baversor,abaversoraw@elpais.com,Female,590.34
394,Oliver,Witcherley,owitcherleyax@1688.com,Male,-663.08
395,Jamal,Bills,jbillsay@mlb.com,Agender,-441.81
396,Jennilee,Gussie,jgussieaz@last.fm,Female,105.68
397,Melonie,Docherty,mdochertyb0@spiegel.de,Female,627.05
398,Nertie,Riddington,nriddingtonb1@miibeian.gov.cn,Female,195.35
399,Justine,Lethby,jlethbyb2@answers.com,Female,-106.33
400,Jone,Fluit,jfluitb3@yelp.com,Male,-782.64
401,Brinna,Anglish,banglishb4@amazon.co.jp,Female,548.71
402,Claiborne,Skeath,cskeathb5@nbcnews.com,Male,-943.09
403,Emmalynne,Bromidge,ebromidgeb6@instagram.com,Female,392.21
404,Kerwinn,Oulet,kouletb7@prweb.com,Bigender,-480.28
405,Nicolai,Ghiraldi,nghiraldib8@webmd.com,Male,932.22
406,Orella,Lanaway,olanawayb9@wikia.com,Female,58.6
407,Ely,Tilmouth,etilmouthba@g.co,Male,-947.29
408,Harman,Iacovone,hiacovonebb@ezinearticles.com,Polygender,-301.58
409,Carmella,Grahlman,cgrahlmanbc@wsj.com,Female,-702.84
410,Abbe,Demoge,ademogebd@hostgator.com,Male,-395.52
411,Hedda,Patrono,hpatronobe@google.co.jp,Female,-948.2
412,Felecia,Murrhardt,fmurrhardtbf@trellian.com,Female,8.22
413,Rolland,Cowdry,rcowdrybg@xing.com,Male,-697.16
414,Osbert,Solway,osolwaybh@bluehost.com,Male,749.16
415,Nichols,Aldins,naldinsbi@nbcnews.com,Male,742.38
416,Rafa,Mannakee,rmannakeebj@hubpages.com,Female,168.47
417,Cammy,Breyt,cbreytbk@un.org,Male,768.44
418,Kimberley,Hinners,khinnersbl@slate.com,Female,-881.69
419,Stephine,Bilbery,sbilberybm@rambler.ru,Female,-998.14
420,Prince,Ludy,pludybn@aol.com,Polygender,21.41
421,Donnie,Klimentyonok,dklimentyonokbo@earthlink.net,Male,-188.77
422,Nolly,Dunstan,ndunstanbp@jimdo.com,Male,-980.08
423,Modesta,Neaverson,mneaversonbq@xinhuanet.com,Female,-646.27
424,Farris,Santer,fsanterbr@usda.gov,Male,635.3
425,Angelica,Bank,abankbs@blogspot.com,Female,735.51
426,Caty,Stiddard,cstiddardbt@reddit.com,Female,493.87
427,Riva,Petow,rpetowbu@clickbank.net,Female,-747.52
428,Osborn,Dillestone,odillestonebv@photobucket.com,Male,504.51
429,Dexter,Daid,ddaidbw@storify.com,Male,20.23
430,Broderic,Harryman,bharrymanbx@oracle.com,Male,-520.59
431,Annamaria,Kaesmakers,akaesmakersby@discovery.com,Genderfluid,-937.06
432,Mack,Fessby,mfessbybz@senate.gov,Male,10.8
433,Anselma,Yitzowitz,ayitzowitzc0@github.com,Female,886.44
434,Kippar,Cullum,kcullumc1@mediafire.com,Male,371.96
435,Chet,Kleinbaum,ckleinbaumc2@buzzfeed.com,Bigender,208.1
436,Clair,Cable,ccablec3@statcounter.com,Female,-656.21
437,Eryn,M'Quharge,emquhargec4@prlog.org,Female,749.93
438,Jannel,Bosence,jbosencec5@ebay.com,Female,-843.71
439,Ford,Stopp,fstoppc6@cnet.com,Male,-960.13
440,Buckie,Mannering,bmanneringc7@nba.com,Male,722.21
441,Kayley,Millmoe,kmillmoec8@123-reg.co.uk,Female,-250.26
442,Kissiah,Hambers,khambersc9@xing.com,Female,-817.34
443,Ignaz,Bissex,ibissexca@ft.com,Male,332.69
444,Brian,Marcq,bmarcqcb@spotify.com,Male,325.18
445,Hadrian,Joiris,hjoiriscc@ca.gov,Polygender,-499.4
446,Temp,Yurkin,tyurkincd@stanford.edu,Male,844.45
447,Hadlee,Broadbury,hbroadburyce@twitter.com,Male,-221.14
448,Dasie,Londer,dlondercf@psu.edu,Female,404.66
449,Nada,Chalice,nchalicecg@bloglovin.com,Genderqueer,-761.2
450,Inness,Stockton,istocktonch@topsy.com,Male,-667.13
451,Rudy,Curling,rcurlingci@whitehouse.gov,Male,674.31
452,Stacie,Pope,spopecj@sciencedirect.com,Female,-584.11
453,Marcille,Elman,melmanck@spiegel.de,Female,516.35
454,Daffi,Grimster,dgrimstercl@github.com,Female,863.14
455,Hagen,Scain,hscaincm@engadget.com,Male,25.06
456,Rhodie,Wheelwright,rwheelwrightcn@paginegialle.it,Female,-210.7
457,Calida,Secrett,csecrettco@seattletimes.com,Female,22.35
458,Isis,Fursse,ifurssecp@nifty.com,Female,106.96
459,Keelia,Lincey,klinceycq@a8.net,Female,509.44
460,Jeanna,Murcott,jmurcottcr@dmoz.org,Female,703.04
461,Janice,Bennoe,jbennoecs@bing.com,Female,89.07
462,Linnea,Dalliston,ldallistonct@yolasite.com,Female,-984.56
463,Katti,Feldharker,kfeldharkercu@oakley.com,Female,-206.04
464,Philis,Feasby,pfeasbycv@facebook.com,Female,260.94
465,Whitaker,Siemandl,wsiemandlcw@dedecms.com,Male,645.14
466,Gregg,Sapp,gsappcx@amazonaws.com,Male,-883.87
467,Rafaelita,Stanlake,rstanlakecy@army.mil,Female,406.79
468,Arty,Trillow,atrillowcz@cnbc.com,Male,-64.27
469,Martina,Grishmanov,mgrishmanovd0@netlog.com,Female,508.8
470,Fionnula,Hugonet,fhugonetd1@archive.org,Female,-770.91
471,Denna,Hannum,dhannumd2@soundcloud.com,Female,480.58
472,Lionel,Spratling,lspratlingd3@ow.ly,Male,-57.88
473,Anissa,Callinan,acallinand4@ovh.net,Female,822.69
474,Iago,Spowart,ispowartd5@google.nl,Male,-478.74
475,Noll,Havenhand,nhavenhandd6@edublogs.org,Male,-63.04
476,Steven,Tooke,stooked7@a8.net,Non-binary,-259.37
477,Merrel,Mingaud,mmingaudd8@uol.com.br,Male,536.16
478,Royce,Fishe,rfished9@blog.com,Male,894.32
479,Danny,Kither,dkitherda@ocn.ne.jp,Female,-185.3
480,Winfield,Cristofor,wcristofordb@tumblr.com,Male,804.22
481,Ky,d'Escoffier,kdescoffierdc@blinklist.com,Male,-374.62
482,Benjamin,Manie,bmaniedd@amazonaws.com,Male,-72.26
483,Jacinthe,Ketchaside,jketchasidede@nih.gov,Non-binary,43.04
484,Laurella,Scrace,lscracedf@gmpg.org,Female,604.3
485,Alyson,Dahlen,adahlendg@mail.ru,Female,-167.58
486,Rollin,Riccione,rriccionedh@wunderground.com,Male,235.03
487,Terencio,Whylie,twhyliedi@mozilla.org,Male,858.13
488,Cordy,Ambridge,cambridgedj@nhs.uk,Female,314.76
489,Stefano,Trowill,strowilldk@i2i.jp,Male,22.71
490,Lockwood,Prati,lpratidl@mit.edu,Male,669.65
491,Humfrid,Watterson,hwattersondm@zimbio.com,Male,-347.15
492,Dorree,Goudman,dgoudmandn@nhs.uk,Female,-185.29
493,Sybyl,Balazin,sbalazindo@oracle.com,Female,79.34
494,Tristam,Haack,thaackdp@apache.org,Male,-452.8
495,Guntar,Lilie,gliliedq@ameblo.jp,Male,962.33
496,Harmonie,Lazenby,hlazenbydr@google.it,Female,950.84
497,Ezra,Jacquemet,ejacquemetds@businesswire.com,Male,-569.26
498,Opal,Lermouth,olermouthdt@dmoz.org,Female,194.42
499,Estella,Benediktsson,ebenediktssondu@rakuten.co.jp,Female,-719.21
500,Boothe,Isted,bisteddv@usda.gov,Male,9.04
501,Lorine,Gritsunov,lgritsunovdw@people.com.cn,Female,352.85
502,Demeter,Davers,ddaversdx@naver.com,Female,666.16
503,Floyd,Godmer,fgodmerdy@yolasite.com,Male,273.28
504,Olivier,Toby,otobydz@yelp.com,Male,-997.21
505,Pren,Goodliff,pgoodliffe0@ezinearticles.com,Male,541.96
506,Von,Themann,vthemanne1@wikipedia.org,Male,534.84
507,Nero,Haney`,nhaneye2@tiny.cc,Male,-517.32
508,Des,Camock,dcamocke3@foxnews.com,Male,504.37
509,Creigh,Cheeld,ccheelde4@vk.com,Male,561.86
510,Mickie,Whiffen,mwhiffene5@icq.com,Male,601.78
511,Verne,Chedzoy,vchedzoye6@rediff.com,Male,-712.38
512,Annemarie,Avramovic,aavramovice7@reddit.com,Female,39.21
513,Corny,Matton,cmattone8@meetup.com,Male,-400.63
514,Georgette,Larkcum,glarkcume9@e-recht24.de,Female,175.03
515,Hailey,Crittal,hcrittalea@cnn.com,Male,243.77
516,Danell,Dearnly,ddearnlyeb@squidoo.com,Female,512.62
517,Pablo,Haborn,phabornec@google.pl,Male,-599.37
518,Melisenda,Bedinham,mbedinhamed@istockphoto.com,Female,-814.16
519,Colleen,Hamner,chamneree@de.vu,Female,-691.94
520,Rafe,Kennermann,rkennermannef@flavors.me,Male,-325.89
521,Murvyn,Possell,mposselleg@webmd.com,Male,293.59
522,Farleigh,Beadham,fbeadhameh@acquirethisname.com,Non-binary,-435.49
523,Charlton,Perulli,cperulliei@seesaa.net,Male,-706.23
524,Obadiah,McTeggart,omcteggartej@blog.com,Male,43.15
525,Hewett,Catmull,hcatmullek@pinterest.com,Male,112.2
526,Ertha,Berens,eberensel@nps.gov,Female,686.49
527,Arlan,Beetham,abeethamem@icq.com,Male,-582.21
528,Cher,Goalby,cgoalbyen@sciencedaily.com,Female,404.3
529,Margalit,Picheford,mpichefordeo@mayoclinic.com,Female,243.28
530,Lin,Da Costa,ldacostaep@admin.ch,Female,-906.43
531,Conroy,Houseago,chouseagoeq@canalblog.com,Male,-73.99
532,Hattie,Clemerson,hclemersoner@canalblog.com,Female,607.4
533,Shep,Macek,smacekes@fema.gov,Male,-605.8
534,Jacquelyn,Klemps,jklempset@g.co,Female,467.8
535,Graeme,McGlaughn,gmcglaughneu@hubpages.com,Male,555.51
536,Marshal,Labin,mlabinev@ibm.com,Male,-884.44
537,Jania,Porteous,jporteousew@indiatimes.com,Female,-178.08
538,Di,Camidge,dcamidgeex@stanford.edu,Female,125.23
539,Jody,Klimushev,jklimushevey@gov.uk,Male,-58.79
540,Olin,Iczokvitz,oiczokvitzez@istockphoto.com,Male,8.85
541,Dela,Lugard,dlugardf0@bbb.org,Female,-950.3
542,Maddy,Philippard,mphilippardf1@slate.com,Male,-864.41
543,Garold,Shakle,gshaklef2@blogger.com,Male,118.38
544,Rab,Carnell,rcarnellf3@nydailynews.com,Male,242.17
545,Petr,Priditt,ppridittf4@cam.ac.uk,Male,457.31
546,Kelvin,Greenshields,kgreenshieldsf5@com.com,Male,663.1
547,Dory,Bosward,dboswardf6@ihg.com,Male,-793.33
548,Johna,Origan,joriganf7@behance.net,Female,-320.13
549,Shell,Harbour,sharbourf8@seesaa.net,Male,64.16
550,Skipton,Osborne,sosbornef9@businesswire.com,Male,241.99
551,Tye,Aberdein,taberdeinfa@github.com,Male,498.84
552,Hestia,Peer,hpeerfb@themeforest.net,Female,-694.95
553,Normie,Anyon,nanyonfc@irs.gov,Male,546.01
554,Daveen,Reitenbach,dreitenbachfd@thetimes.co.uk,Female,754.43
555,Maxim,Heersema,mheersemafe@mashable.com,Male,-767.42
556,Lon,Golagley,lgolagleyff@blog.com,Male,945.01
557,Xena,Wem,xwemfg@paypal.com,Agender,63.55
558,Emmerich,Hector,ehectorfh@nih.gov,Male,47.9
559,Binky,Ambrogini,bambroginifi@flickr.com,Male,-129.3
560,Hervey,Storrah,hstorrahfj@slideshare.net,Male,-980.03
561,Rurik,Jacobovitz,rjacobovitzfk@si.edu,Male,411.2
562,Olympe,Bilbery,obilberyfl@ning.com,Female,-584.89
563,Ikey,Brinicombe,ibrinicombefm@google.co.uk,Male,278.32
564,Deeanne,Stoney,dstoneyfn@wp.com,Female,454.68
565,Rivy,Menelaws,rmenelawsfo@pagesperso-orange.fr,Female,-47.55
566,Udell,Powderham,upowderhamfp@twitter.com,Male,-913.6
567,Hester,Whitley,hwhitleyfq@unc.edu,Female,724.19
568,Marlon,Fleetwood,mfleetwoodfr@go.com,Male,-921.81
569,Dawn,Cheng,dchengfs@tinyurl.com,Female,-919.73
570,Sanson,Alkins,salkinsft@csmonitor.com,Male,575.65
571,Claudia,St Louis,cstlouisfu@netscape.com,Female,486.12
572,Cyndy,Curzey,ccurzeyfv@quantcast.com,Female,-227.98
573,Wynnie,McKelloch,wmckellochfw@sbwire.com,Female,-490.22
574,Haskell,McCorkell,hmccorkellfx@devhub.com,Male,48.63
575,Blinnie,Heller,bhellerfy@technorati.com,Female,518.98
576,Margaretta,Alenshev,malenshevfz@google.ru,Female,-807.62
577,Dani,Sprasen,dspraseng0@devhub.com,Male,298.01
578,Brandy,Janicki,bjanickig1@hexun.com,Male,-614.02
579,Lu,Cossey,lcosseyg2@bizjournals.com,Female,-732.19
580,Vitoria,Bentham3,vbenthamg3@is.gd,Genderqueer,-540.91
581,Keelby,Harmstone,kharmstoneg4@ustream.tv,Male,-859.42
582,Gherardo,Nealand,gnealandg5@amazon.de,Male,42.58
583,Shaylynn,Tallboy,stallboyg6@tuttocitta.it,Female,938.7
584,Honey,Gatehouse,hgatehouseg7@google.ca,Female,-42.75
585,Arri,Yorkston,ayorkstong8@amazon.de,Male,-401.97
586,Edgar,Kernermann,ekernermanng9@howstuffworks.com,Agender,171.61
587,Penni,Jickles,pjicklesga@simplemachines.org,Female,-429.13
588,Tracey,Trays,ttraysgb@photobucket.com,Female,-182.09
589,Celeste,Attew,cattewgc@baidu.com,Female,-689.86
590,Shanda,Kellock,skellockgd@un.org,Female,813.84
591,Davey,Rapa,drapage@google.com,Male,-973.23
592,Gardiner,McGann,gmcganngf@mapy.cz,Male,-826.15
593,Samaria,Codd,scoddgg@blogspot.com,Female,293.27
594,Upton,Slade,usladegh@independent.co.uk,Male,-23.08
595,Anabella,Lieb,aliebgi@nba.com,Polygender,-20.51
596,Theda,Flarity,tflaritygj@nba.com,Female,-225.84
597,Shayne,Edgcumbe,sedgcumbegk@goodreads.com,Male,-390.9
598,Aeriel,Adan,aadangl@amazon.com,Female,288.07
599,Powell,Malia,pmaliagm@zimbio.com,Male,-757.59
600,Leann,Pettegre,lpettegregn@va.gov,Agender,-984.15
601,Kirbie,Venus,kvenusgo@constantcontact.com,Female,-253.32
602,Allyson,Monkman,amonkmangp@mayoclinic.com,Female,728.23
603,Falkner,Ellam,fellamgq@clickbank.net,Male,670.71
604,Creigh,Maddocks,cmaddocksgr@miibeian.gov.cn,Male,475.28
605,Deloris,McCroary,dmccroarygs@dropbox.com,Female,36.31
606,Riordan,Bayliss,rbaylissgt@imdb.com,Male,-229.07
607,Faye,Connett,fconnettgu@geocities.jp,Female,-588.9
608,Gerik,Spurdle,gspurdlegv@narod.ru,Male,988.52
609,Janina,Landre,jlandregw@newyorker.com,Female,473.24
610,Friedrich,Hazell,fhazellgx@home.pl,Male,-25.88
611,Agnesse,Wimp,awimpgy@liveinternet.ru,Female,-625.17
612,Templeton,Bonick,tbonickgz@networksolutions.com,Male,-630.82
613,Rosco,Pratte,rpratteh0@nasa.gov,Male,640.05
614,Arvin,Fowlie,afowlieh1@narod.ru,Male,-856.71
615,Eben,Enderle,eenderleh2@cdbaby.com,Male,126.34
616,Filbert,Staines,fstainesh3@technorati.com,Male,-418.85
617,Rolf,Lardge,rlardgeh4@eepurl.com,Male,-590.25
618,Kirsteni,Fury,kfuryh5@netscape.com,Female,378.78
619,Shelden,Jewks,sjewksh6@wikispaces.com,Male,515.24
620,Thadeus,Clouston,tcloustonh7@indiatimes.com,Male,-966.86
621,Curr,Chasmer,cchasmerh8@hubpages.com,Male,-845.84
622,Susann,Whitehorne,swhitehorneh9@51.la,Female,140.53
623,Karlis,Brikner,kbriknerha@biblegateway.com,Polygender,-262.59
624,Weider,Pilmer,wpilmerhb@parallels.com,Male,62.88
625,Milo,Sanper,msanperhc@feedburner.com,Male,-969.44
626,Nicky,Praill,npraillhd@discuz.net,Female,-760.33
627,Mitzi,MacKartan,mmackartanhe@about.com,Female,-961.48
628,Cynthea,Skains,cskainshf@msn.com,Female,-548.41
629,Sigfrid,Krzyzaniak,skrzyzaniakhg@cnn.com,Male,591.82
630,Esmeralda,Endrighi,eendrighihh@sohu.com,Female,798.74
631,Avril,Vsanelli,avsanellihi@mediafire.com,Female,251.95
632,Hephzibah,Scogings,hscogingshj@toplist.cz,Female,-573.43
633,Brennan,Kelson,bkelsonhk@hostgator.com,Male,-333.57
634,Yule,Rennels,yrennelshl@discovery.com,Male,-537.06
635,Vally,Salsberg,vsalsberghm@pbs.org,Female,694.2
636,Dorita,Heyball,dheyballhn@state.tx.us,Female,546.24
637,Stanly,Timoney,stimoneyho@mit.edu,Male,716.21
638,Staci,Hunnybun,shunnybunhp@issuu.com,Female,864.54
639,Mandie,Creus,mcreushq@noaa.gov,Female,785.16
640,Upton,Kernell,ukernellhr@springer.com,Male,206.42
641,Adrien,Miko,amikohs@wikispaces.com,Male,917.66
642,Davon,Tretwell,dtretwellht@pen.io,Male,75.39
643,Cyb,Kohtler,ckohtlerhu@soundcloud.com,Genderqueer,276.59
644,Bernice,Jansens,bjansenshv@twitter.com,Female,11.78
645,Biddy,Varns,bvarnshw@macromedia.com,Female,-874.4
646,Ethel,Ionnisian,eionnisianhx@ibm.com,Female,-669.87
647,Kiri,Conklin,kconklinhy@g.co,Female,-723.63
648,Malory,Scroggie,mscroggiehz@google.de,Female,-163.83
649,Hamlin,Mc Ilwrick,hmcilwricki0@ebay.co.uk,Male,-747.24
650,Rowland,Kaminski,rkaminskii1@webeden.co.uk,Male,-606.18
651,Etheline,Akess,eakessi2@spotify.com,Female,599.34
652,Eryn,Feeny,efeenyi3@opensource.org,Female,-424.28
653,Annabelle,Feldhammer,afeldhammeri4@jimdo.com,Female,715.59
654,Lyndy,Heyball,lheyballi5@topsy.com,Polygender,513.4
655,Catharina,Gutch,cgutchi6@reverbnation.com,Female,473.41
656,Terrel,Skaife d'Ingerthorpe,tskaifedingerthorpei7@psu.edu,Male,40.19
657,May,Benkin,mbenkini8@studiopress.com,Female,905.21
658,Arlene,Haspineall,ahaspinealli9@devhub.com,Female,458.89
659,Buckie,Priest,bpriestia@kickstarter.com,Male,-895.0
660,Eziechiele,Eaden,eeadenib@domainmarket.com,Male,-327.73
661,Aurie,Daile,adaileic@homestead.com,Female,474.07
662,Rochella,Pauley,rpauleyid@guardian.co.uk,Female,-42.5
663,Franchot,Karchowski,fkarchowskiie@cnet.com,Male,-591.88
664,Terence,Harte,tharteif@noaa.gov,Male,168.53
665,Jeffy,Braidford,jbraidfordig@princeton.edu,Male,737.62
666,Gran,Hearns,ghearnsih@ca.gov,Male,-235.95
667,Fina,Parlett,fparlettii@pen.io,Female,761.15
668,Bettina,Stoak,bstoakij@skype.com,Female,-245.86
669,Wolfy,O'Heyne,woheyneik@abc.net.au,Male,165.61
670,Margi,Stoneley,mstoneleyil@xinhuanet.com,Bigender,-452.51
671,Billy,Ianinotti,bianinottiim@ask.com,Male,989.24
672,Ellis,Olivey,eoliveyin@time.com,Male,313.52
673,Anthony,Ferriere,aferriereio@cafepress.com,Male,277.61
674,Conny,Legon,clegonip@biblegateway.com,Male,-795.81
675,Nita,Panswick,npanswickiq@privacy.gov.au,Female,-149.57
676,Magdalene,Elks,melksir@cpanel.net,Female,76.51
677,Mikol,Bolgar,mbolgaris@house.gov,Male,55.48
678,Beatrix,Antonognoli,bantonognoliit@creativecommons.org,Female,-766.68
679,Damien,Oats,doatsiu@last.fm,Male,229.62
680,Ellissa,Thatcher,ethatcheriv@istockphoto.com,Female,543.06
681,Sumner,Bellhouse,sbellhouseiw@livejournal.com,Male,324.97
682,Wally,Lofting,wloftingix@aboutads.info,Male,277.56
683,Selinda,Calloway,scallowayiy@fema.gov,Female,-125.26
684,Ardene,Duncklee,adunckleeiz@go.com,Female,-212.64
685,Milt,Falkingham,mfalkinghamj0@nyu.edu,Male,349.58
686,Dorita,Ellif,dellifj1@bloglines.com,Polygender,16.14
687,Grantham,Aldcorne,galdcornej2@accuweather.com,Male,55.4
688,Rey,Geekin,rgeekinj3@miibeian.gov.cn,Female,-548.46
689,Meghann,Le Monnier,mlemonnierj4@geocities.com,Female,976.98
690,Rudolph,Kordova,rkordovaj5@usnews.com,Male,480.62
691,Kellby,Tarborn,ktarbornj6@europa.eu,Male,-875.77
692,Sherwin,Castiglio,scastiglioj7@toplist.cz,Male,752.42
693,Amalia,Mensler,amenslerj8@scientificamerican.com,Female,744.67
694,Ginger,Yve,gyvej9@amazon.co.uk,Male,448.16
695,Karola,Conrath,kconrathja@1688.com,Female,405.44
696,Stanton,Zolini,szolinijb@businessweek.com,Male,538.0
697,Win,Champken,wchampkenjc@dailymotion.com,Male,236.25
698,Jasmin,Bowerman,jbowermanjd@imdb.com,Female,454.61
699,Jorgan,Backhouse,jbackhouseje@yellowpages.com,Male,466.72
700,Reta,Kier,rkierjf@opera.com,Female,-90.39
701,Erny,Bushaway,ebushawayjg@netvibes.com,Male,93.12
702,Kerry,Crumbie,kcrumbiejh@alibaba.com,Female,-919.82
703,Paul,Kinchin,pkinchinji@behance.net,Male,-564.05
704,Mose,Hamments,mhammentsjj@scribd.com,Male,-814.8
705,Omero,Haggerwood,ohaggerwoodjk@engadget.com,Polygender,661.0
706,Bale,Giacomazzo,bgiacomazzojl@furl.net,Male,-180.5
707,Allys,Alejandri,aalejandrijm@hugedomains.com,Female,319.6
708,Morganne,Coster,mcosterjn@oaic.gov.au,Female,162.29
709,Calypso,Patterfield,cpatterfieldjo@freewebs.com,Female,-279.47
710,Juan,Stolworthy,jstolworthyjp@icq.com,Male,-494.59
711,Cortie,Matyja,cmatyjajq@purevolume.com,Male,431.22
712,Curcio,Nutter,cnutterjr@amazon.com,Male,936.51
713,Roda,Luchelli,rluchellijs@sphinn.com,Female,501.37
714,Sondra,Dwelley,sdwelleyjt@php.net,Female,-906.56
715,Berti,Ogus,bogusju@issuu.com,Male,992.94
716,Jacynth,Sherlock,jsherlockjv@google.nl,Female,682.9
717,Celestyna,Castel,ccasteljw@google.cn,Female,328.9
718,Barbabra,Ceillier,bceillierjx@eventbrite.com,Female,208.97
719,Salomo,Duckerin,sduckerinjy@craigslist.org,Male,200.21
720,Bibby,Leinthall,bleinthalljz@friendfeed.com,Polygender,552.24
721,Leonidas,Prendeville,lprendevillek0@who.int,Male,-682.26
722,Obed,McGarvie,omcgarviek1@aol.com,Male,458.26
723,Marijn,Gallihawk,mgallihawkk2@topsy.com,Male,828.23
724,Gaye,Augur,gaugurk3@smugmug.com,Female,-58.93
725,Cicily,Pidcock,cpidcockk4@joomla.org,Female,-593.18
726,Hobard,Niesegen,hniesegenk5@huffingtonpost.com,Male,724.4
727,Eilis,Challenor,echallenork6@huffingtonpost.com,Female,-187.79
728,Ichabod,Shepeard,ishepeardk7@auda.org.au,Male,-904.33
729,Maybelle,Taleworth,mtaleworthk8@cpanel.net,Female,-153.12
730,Filmore,Swindin,fswindink9@eventbrite.com,Male,-13.44
731,Kinny,Willows,kwillowska@accuweather.com,Male,-700.73
732,Libby,Goman,lgomankb@opensource.org,Female,-204.67
733,Valentina,Fain,vfainkc@independent.co.uk,Female,974.82
734,Crysta,Marian,cmariankd@howstuffworks.com,Female,-12.72
735,Loni,Selwyne,lselwyneke@columbia.edu,Female,-751.95
736,Cozmo,Zanardii,czanardiikf@diigo.com,Male,179.34
737,Meg,Rosenbusch,mrosenbuschkg@dyndns.org,Female,54.84
738,Dalenna,Wandless,dwandlesskh@freewebs.com,Female,-467.76
739,Nicoline,Frugier,nfrugierki@simplemachines.org,Female,-227.39
740,Roth,Cowpland,rcowplandkj@icq.com,Male,241.85
741,Anthiathia,Bedenham,abedenhamkk@yale.edu,Female,-970.05
742,Hi,Fernie,hferniekl@e-recht24.de,Male,629.18
743,Tresa,Griffithe,tgriffithekm@soundcloud.com,Female,308.31
744,Raimund,Ivanin,rivaninkn@examiner.com,Male,401.38
745,Belvia,Cressingham,bcressinghamko@cbsnews.com,Female,-273.48
746,Hugo,Colley,hcolleykp@webnode.com,Male,731.5
747,Skyler,DeSousa,sdesousakq@1688.com,Agender,-997.2
748,Dene,Ottam,dottamkr@whitehouse.gov,Male,-446.35
749,Salvidor,Boichat,sboichatks@fc2.com,Male,870.88
750,Aura,Afield,aafieldkt@google.fr,Female,886.6
751,Ollie,De L'Isle,odelisleku@mlb.com,Male,977.5
752,Link,Febry,lfebrykv@amazon.co.jp,Male,-489.68
753,Theressa,Wigin,twiginkw@sun.com,Polygender,-887.87
754,Alvira,Spearett,aspearettkx@printfriendly.com,Female,756.29
755,Elena,Badger,ebadgerky@rambler.ru,Female,-988.4
756,Ephrem,Ruzic,eruzickz@behance.net,Male,436.81
757,Tarra,Greenhill,tgreenhilll0@sciencedaily.com,Female,105.55
758,Justin,Quiddihy,jquiddihyl1@mediafire.com,Male,-630.95
759,Cecilia,Purnell,cpurnelll2@fotki.com,Female,601.13
760,Kristos,Papworth,kpapworthl3@home.pl,Male,759.77
761,Alden,Carreck,acarreckl4@nifty.com,Bigender,-634.02
762,Kermie,Pawelek,kpawelekl5@army.mil,Bigender,-231.05
763,Lura,Frentz,lfrentzl6@state.gov,Female,-710.79
764,Juanita,Blasoni,jblasonil7@dailymotion.com,Female,464.6
765,Muffin,Aizlewood,maizlewoodl8@spotify.com,Genderfluid,367.29
766,Sybil,Stones,sstonesl9@yahoo.com,Female,-972.66
767,Raddie,Bletsor,rbletsorla@cmu.edu,Male,-744.51
768,Elke,Nelane,enelanelb@last.fm,Agender,-503.48
769,Hilton,Bloom,hbloomlc@sourceforge.net,Male,-466.88
770,Sissy,Betchley,sbetchleyld@apple.com,Female,313.19
771,Mercy,Kacheler,mkachelerle@businessweek.com,Female,-523.25
772,Nanine,Burtwell,nburtwelllf@linkedin.com,Female,485.23
773,Abby,Kellog,akelloglg@wix.com,Male,-616.09
774,Woodie,Scruby,wscrubylh@ameblo.jp,Polygender,-703.95
775,Thebault,Boylin,tboylinli@unc.edu,Male,911.1
776,Peirce,Bonnet,pbonnetlj@opensource.org,Non-binary,-380.94
777,Nani,Rudeyeard,nrudeyeardlk@parallels.com,Female,-627.97
778,Ronnie,Wandrich,rwandrichll@webmd.com,Male,-845.74
779,Ema,Cowsby,ecowsbylm@dmoz.org,Female,-393.84
780,Donielle,Ducastel,dducastelln@nytimes.com,Female,828.21
781,Gardy,Witson,gwitsonlo@free.fr,Male,-886.84
782,Lani,Suett,lsuettlp@eventbrite.com,Female,157.11
783,Yorgo,Durran,ydurranlq@aboutads.info,Agender,327.34
784,Kora,Walthew,kwalthewlr@google.com,Female,-833.89
785,Pietrek,Espadero,pespaderols@bigcartel.com,Male,342.2
786,Moise,Embury,memburylt@tiny.cc,Male,875.43
787,Elie,Pardy,epardylu@dmoz.org,Female,-922.08
788,Ricky,Hempel,rhempellv@nationalgeographic.com,Male,-987.51
789,Parry,Magnus,pmagnuslw@sbwire.com,Male,-587.43
790,Arnuad,Tonnesen,atonnesenlx@economist.com,Male,-944.27
791,Tate,Gostyke,tgostykely@java.com,Male,308.27
792,Keelia,Roalfe,kroalfelz@webeden.co.uk,Female,-186.69
793,Darby,Mathonnet,dmathonnetm0@berkeley.edu,Female,749.7
794,Virginia,MacCracken,vmaccrackenm1@joomla.org,Female,-406.03
795,Doug,Cope,dcopem2@ucla.edu,Male,990.95
796,Shari,Lillywhite,slillywhitem3@amazon.com,Female,943.24
797,Josepha,Bewlay,jbewlaym4@bravesites.com,Female,-941.35
798,Elspeth,Atyeo,eatyeom5@statcounter.com,Female,-404.3
799,Noelyn,McBain,nmcbainm6@ustream.tv,Female,-5.19
800,Stephie,Meckiff,smeckiffm7@ovh.net,Non-binary,-901.26
801,Roana,Casina,rcasinam8@redcross.org,Female,-54.97
802,Amberly,Luscott,aluscottm9@123-reg.co.uk,Female,-292.73
803,Hurleigh,Chantillon,hchantillonma@utexas.edu,Male,698.88
804,Annissa,Pierpoint,apierpointmb@bloglines.com,Bigender,935.33
805,Harley,Hardwell,hhardwellmc@ehow.com,Female,627.39
806,Dallon,Farrants,dfarrantsmd@rakuten.co.jp,Male,-710.72
807,Cecile,Livick,clivickme@unc.edu,Female,-188.94
808,Britney,Dodd,bdoddmf@google.cn,Female,927.66
809,Raul,Hintze,rhintzemg@bing.com,Male,-742.08
810,Millisent,Covell,mcovellmh@mail.ru,Female,876.12
811,Zahara,Teodorski,zteodorskimi@oaic.gov.au,Female,642.17
812,Tobit,Gaisford,tgaisfordmj@networksolutions.com,Male,59.52
813,Noel,Woodage,nwoodagemk@narod.ru,Male,866.05
814,Muriel,Oland,molandml@mit.edu,Female,307.6
815,Godard,Goodband,ggoodbandmm@marriott.com,Male,415.15
816,Shae,Sango,ssangomn@ca.gov,Female,937.47
817,Cobby,Sharpe,csharpemo@miitbeian.gov.cn,Male,-117.81
818,Bobine,Tribble,btribblemp@mysql.com,Female,351.94
819,Mariquilla,Pinsent,mpinsentmq@hhs.gov,Female,-987.46
820,Armand,Aksell,aaksellmr@domainmarket.com,Male,428.99
821,Englebert,Bednall,ebednallms@geocities.com,Male,-757.86
822,Andriette,Hanbridge,ahanbridgemt@cornell.edu,Genderfluid,-627.64
823,Dal,Fownes,dfownesmu@mysql.com,Male,987.1
824,Fin,Dampney,fdampneymv@apple.com,Male,631.55
825,Gawen,Springham,gspringhammw@google.co.uk,Genderfluid,410.99
826,Agosto,Pearle,apearlemx@feedburner.com,Male,166.8
827,Jemmy,Alecock,jalecockmy@wired.com,Female,458.97
828,Claresta,Westmorland,cwestmorlandmz@digg.com,Female,-54.19
829,Stuart,Nuton,snutonn0@adobe.com,Male,100.79
830,Edithe,Hay,ehayn1@t.co,Female,-607.26
831,Rheta,Ellings,rellingsn2@liveinternet.ru,Female,366.81
832,Gilemette,Kovalski,gkovalskin3@hubpages.com,Female,957.07
833,Verge,Geare,vgearen4@amazon.com,Male,-833.65
834,Shaine,Quene,squenen5@mozilla.org,Male,-373.62
835,Natka,Bartleman,nbartlemann6@nih.gov,Female,-825.03
836,Karlie,Arkow,karkown7@so-net.ne.jp,Female,-384.13
837,Kalli,Tethacot,ktethacotn8@shop-pro.jp,Female,654.45
838,Sheba,Dearn,sdearnn9@imgur.com,Female,-295.45
839,Jerome,Ordemann,jordemannna@theguardian.com,Male,198.63
840,Donn,Braithwaite,dbraithwaitenb@netlog.com,Male,231.42
841,Dunstan,Van der Kruys,dvanderkruysnc@businessweek.com,Male,-554.42
842,Ryan,Orchard,rorchardnd@uiuc.edu,Male,-32.2
843,Eveleen,Beuscher,ebeuscherne@usatoday.com,Female,246.25
844,Berty,Barts,bbartsnf@bluehost.com,Genderfluid,-613.0
845,Denys,Shrawley,dshrawleyng@feedburner.com,Female,318.77
846,Kikelia,Postill,kpostillnh@nydailynews.com,Female,-856.54
847,Jewel,Rowth,jrowthni@google.fr,Female,-913.35
848,Jo-anne,Pancoust,jpancoustnj@freewebs.com,Female,973.54
849,Abbott,Orable,aorablenk@usnews.com,Male,-561.27
850,Becka,Dickerson,bdickersonnl@cmu.edu,Female,-651.06
851,Marty,Whatling,mwhatlingnm@house.gov,Non-binary,558.98
852,Derron,Brafferton,dbraffertonnn@sbwire.com,Male,-866.69
853,Demetris,Surman,dsurmanno@tripadvisor.com,Male,-483.83
854,Claude,Petofi,cpetofinp@acquirethisname.com,Female,489.45
855,Marcello,Cuxon,mcuxonnq@devhub.com,Male,-586.11
856,Roth,Bugs,rbugsnr@usgs.gov,Male,672.33
857,Teodor,Boden,tbodenns@wisc.edu,Male,844.81
858,Lavina,Cinelli,lcinellint@comcast.net,Agender,295.2
859,Dolli,De Banke,ddebankenu@dropbox.com,Non-binary,141.16
860,Stanfield,Waddy,swaddynv@reuters.com,Male,166.53
861,Verla,Lombardo,vlombardonw@biblegateway.com,Female,-294.25
862,Jory,Steffan,jsteffannx@engadget.com,Male,-128.42
863,Lorelle,Redpath,lredpathny@senate.gov,Female,848.68
864,Emyle,Oxley,eoxleynz@youku.com,Genderqueer,820.91
865,Bea,Grimsey,bgrimseyo0@feedburner.com,Female,-826.0
866,Celestia,Vondrach,cvondracho1@stumbleupon.com,Female,542.75
867,Pattie,Willas,pwillaso2@examiner.com,Male,632.63
868,Lulu,Jerrard,ljerrardo3@dell.com,Female,922.33
869,Bree,Cornborough,bcornborougho4@tuttocitta.it,Female,859.9
870,Jock,Larter,jlartero5@usatoday.com,Male,-104.99
871,Cece,Emor,cemoro6@latimes.com,Male,-565.02
872,Jolee,Kelby,jkelbyo7@cdbaby.com,Female,985.61
873,Nara,Navein,nnaveino8@state.gov,Female,-440.9
874,Donny,Haseley,dhaseleyo9@japanpost.jp,Female,423.81
875,Bethany,Danby,bdanbyoa@accuweather.com,Female,-85.65
876,Margaret,Meldon,mmeldonob@army.mil,Female,-258.19
877,Arlin,De Gregorio,adegregoriooc@rambler.ru,Male,-181.89
878,Jorgan,Oldnall,joldnallod@npr.org,Male,608.62
879,Pietrek,Thomlinson,pthomlinsonoe@google.com.br,Male,117.59
880,Washington,Hillatt,whillattof@chicagotribune.com,Male,-996.87
881,Ginger,Bleue,gbleueog@boston.com,Male,-429.32
882,Faber,Kirk,fkirkoh@sitemeter.com,Non-binary,-772.27
883,Ryun,Silverthorne,rsilverthorneoi@homestead.com,Bigender,-494.55
884,Dorise,Jagielski,djagielskioj@netscape.com,Female,-835.6
885,Margit,Bassindale,mbassindaleok@freewebs.com,Female,310.62
886,Bent,Collingworth,bcollingworthol@yahoo.com,Male,-339.3
887,Jessee,Pletts,jplettsom@so-net.ne.jp,Male,801.88
888,Misty,Spafford,mspaffordon@springer.com,Female,433.37
889,Dara,Bairstow,dbairstowoo@webeden.co.uk,Female,707.61
890,Arly,Jolliff,ajolliffop@twitpic.com,Female,207.46
891,Fredek,Laite,flaiteoq@symantec.com,Male,-884.25
892,Pat,Garrals,pgarralsor@people.com.cn,Male,-249.8
893,Shelli,Freyne,sfreyneos@seesaa.net,Female,-162.94
894,Kassey,Freestone,kfreestoneot@theglobeandmail.com,Female,-737.04
895,Thomasina,Stuart,tstuartou@so-net.ne.jp,Female,342.84
896,Cynthie,Febvre,cfebvreov@apache.org,Female,778.8
897,Lew,Ishaki,lishakiow@pen.io,Male,-411.63
898,Markos,Macveigh,mmacveighox@diigo.com,Male,-964.44
899,Judd,Ransley,jransleyoy@canalblog.com,Male,861.85
900,Damian,Crallan,dcrallanoz@icio.us,Male,-837.2
901,Deonne,Crehan,dcrehanp0@toplist.cz,Female,-601.12
902,Dion,Killerby,dkillerbyp1@meetup.com,Male,-545.14
903,Melicent,Whyborne,mwhybornep2@google.com.hk,Female,798.47
904,Pauly,Dyter,pdyterp3@wikispaces.com,Female,27.74
905,Glenda,End,gendp4@nature.com,Female,-13.3
906,Kristofer,Mansell,kmansellp5@ed.gov,Male,100.04
907,Jonell,Mabbs,jmabbsp6@theglobeandmail.com,Female,588.28
908,Sarine,Wilgar,swilgarp7@e-recht24.de,Female,969.04
909,Rasla,Rajchert,rrajchertp8@gnu.org,Female,893.62
910,Ryley,Ferraraccio,rferraracciop9@sbwire.com,Male,-581.72
911,Abra,Cadigan,acadiganpa@ucsd.edu,Female,-420.82
912,Andreana,Ohm,aohmpb@nasa.gov,Female,-921.17
913,Friedrich,Count,fcountpc@google.com.au,Male,-852.99
914,Brocky,Sarfass,bsarfasspd@harvard.edu,Male,-175.53
915,Phebe,Reinhardt,preinhardtpe@goo.gl,Female,185.77
916,Roobbie,Vezey,rvezeypf@auda.org.au,Female,315.46
917,Raimundo,Esberger,resbergerpg@plala.or.jp,Male,-535.34
918,Hilde,Gingle,hgingleph@unicef.org,Female,455.39
919,Casar,Goodwyn,cgoodwynpi@miibeian.gov.cn,Male,423.08
920,Bryant,Secrett,bsecrettpj@senate.gov,Male,464.37
921,Nanette,Ranald,nranaldpk@blogger.com,Female,746.15
922,Susana,Cescotti,scescottipl@dell.com,Female,-595.47
923,Minette,Goede,mgoedepm@marriott.com,Female,-781.33
924,Corly,Grestye,cgrestyepn@purevolume.com,Female,-979.92
925,Madella,Cawkwell,mcawkwellpo@scientificamerican.com,Female,-721.27
926,Cosimo,Buckby,cbuckbypp@4shared.com,Male,418.81
927,Ellis,Lutwyche,elutwychepq@wordpress.org,Male,-747.19
928,Winonah,Dury,wdurypr@dropbox.com,Bigender,893.17
929,Eugenio,Fayerman,efayermanps@hc360.com,Male,-301.43
930,Faustina,Wulfinger,fwulfingerpt@ucsd.edu,Female,-344.44
931,Amos,Christoffe,achristoffepu@mysql.com,Male,462.54
932,Lazar,Aynold,laynoldpv@amazonaws.com,Male,196.2
933,Dotti,Amsden,damsdenpw@w3.org,Female,-600.75
934,Idalina,Bellison,ibellisonpx@gmpg.org,Female,-610.53
935,Garey,Presdee,gpresdeepy@so-net.ne.jp,Male,262.6
936,Ernestus,Larham,elarhampz@sina.com.cn,Male,960.39
937,Obediah,Whitty,owhittyq0@elpais.com,Male,453.65
938,Aurore,Naper,anaperq1@wp.com,Female,672.15
939,Arlana,Graalmans,agraalmansq2@shutterfly.com,Non-binary,-91.74
940,Odetta,Sondon,osondonq3@mac.com,Female,19.32
941,Hilarius,Gurley,hgurleyq4@dailymotion.com,Male,308.03
942,Irvine,Townson,itownsonq5@list-manage.com,Male,414.96
943,Illa,Kinforth,ikinforthq6@google.cn,Female,237.37
944,Hermon,Dunckley,hdunckleyq7@adobe.com,Non-binary,-164.05
945,Kailey,Lasty,klastyq8@pbs.org,Female,855.78
946,Rice,Cloke,rclokeq9@last.fm,Male,980.61
947,Giffard,Dahlbom,gdahlbomqa@pbs.org,Male,861.71
948,Crissy,Spurman,cspurmanqb@vimeo.com,Female,373.69
949,August,de Vaen,adevaenqc@sina.com.cn,Male,563.84
950,Hilde,Twidle,htwidleqd@t-online.de,Female,863.39
951,Kristyn,Krzyzanowski,kkrzyzanowskiqe@trellian.com,Female,163.26
952,Davidson,Giovannacc@i,dgiovannacciqf@theguardian.com,Male,-689.73
953,Bailie,Ripping,brippingqg@dedecms.com,Male,-777.37
954,Codi,Ickovici,cickoviciqh@creativecommons.org,Female,783.7
955,Devin,Crutchley,dcrutchleyqi@bloglines.com,Female,731.15
956,Jackie,Greenside,jgreensideqj@zdnet.com,Male,361.04
957,Kandace,Pietranek,kpietranekqk@slideshare.net,Agender,-887.12
958,Phip,Rough,proughql@addtoany.com,Male,-337.93
959,Saba,Ribbon,sribbonqm@dmoz.org,Female,189.36
960,Hyatt,Suscens,hsuscensqn@sitemeter.com,Bigender,-664.66
961,Meggy,Meryett,mmeryettqo@weather.com,Polygender,977.11
962,Olive,Haw,ohawqp@theguardian.com,Female,-218.2
963,Alyse,Clement,aclementqq@spotify.com,Female,-909.42
964,Oralla,Smalls,osmallsqr@blogger.com,Female,640.85
965,Hughie,Melia,hmeliaqs@businessweek.com,Male,728.29
966,Tades,Walsh,twalshqt@reddit.com,Male,978.04
967,Justus,Young,jyoungqu@sfgate.com,Male,44.73
968,Florette,Mulvany,fmulvanyqv@netscape.com,Female,139.89
969,Eduino,Kersaw,ekersawqw@nba.com,Male,197.88
970,Lydie,Prin,lprinqx@last.fm,Female,-411.37
971,Daveta,Asson,dassonqy@toplist.cz,Female,-302.03
972,Augustine,Whyatt,awhyattqz@ask.com,Female,-696.63
973,Frannie,Dyne,fdyner0@hc360.com,Female,180.85
974,Harriett,Lukasik,hlukasikr1@craigslist.org,Female,302.8
975,Rhea,Paradise,rparadiser2@webnode.com,Female,221.4
976,Ivie,Hanhardt,ihanhardtr3@example.com,Female,-339.93
977,Calv,Abrashkin,cabrashkinr4@odnoklassniki.ru,Male,125.61
978,Eilis,Cranham,ecranhamr5@geocities.com,Female,216.71
979,Bobbie,Korfmann,bkorfmannr6@ftc.gov,Male,-827.9
980,Hadleigh,Vlach,hvlachr7@pbs.org,Male,16.81
981,Mack,Jeffs,mjeffsr8@flavors.me,Male,-766.21
982,Jacob,Nibley,jnibleyr9@odnoklassniki.ru,Male,-957.8
983,Ralf,Malkinson,rmalkinsonra@techcrunch.com,Male,607.46
984,Daren,Trude,dtruderb@usgs.gov,Male,296.32
985,Issi,Bradden,ibraddenrc@vimeo.com,Female,923.5
986,Abbott,Givens,agivensrd@imgur.com,Male,800.56
987,Pearle,Sibbe,psibbere@aol.com,Female,226.83
988,Jase,Franchi,jfranchirf@usa.gov,Male,914.14
989,Kalli,Happer,khapperrg@behance.net,Female,224.78
990,Peirce,Allery,palleryrh@alexa.com,Male,10.98
991,Kellen,Broadway,kbroadwayri@networkadvertising.org,Male,-658.78
992,Steven,Jurs,sjursrj@oracle.com,Male,874.57
993,Dorey,Macenzy,dmacenzyrk@ucsd.edu,Female,403.33
994,Jose,Tice,jticerl@google.co.uk,Male,-908.45
995,Delia,Neenan,dneenanrm@studiopress.com,Female,-985.37
996,Lee,Satford,lsatfordrn@fotki.com,Male,298.56
997,Marji,Roote,mrootero@list-manage.com,Female,-802.02
998,Annamarie,Blackadder,ablackadderrp@dell.com,Female,513.7
999,Justus,Hanmer,jhanmerrq@berkeley.edu,Male,324.57
1000,Gregor,Reace,greacerr@reverbnation.com,Male,-503.78
