id,first_name,last_name,email,gender,balance
1,Hiram,Rieme,hrieme0@networkadvertising.org,Male,-386.27
2,Jasper,Castagne,jcastagne1@constantcontact.com,Male,738.37
3,Lou,Fitchew,lfitchew2@berkeley.edu,Male,821.69
4,Tracie,Menego,tmenego3@ocn.ne.jp,Female,-53.37
5,Marline,Carlisle,mcarlisle4@jimdo.com,Female,311.49
6,Gawain,Awcoate,gawcoate5@arizona.edu,Male,-469.22
7,Denny,Daniele,ddaniele6@51.la,Non-binary,-838.4
8,Rodina,Roaf,rroaf7@washingtonpost.com,Female,-776.67
9,Barron,Clever,bclever8@cnet.com,Male,-589.09
10,Jasun,Spellsworth,jspellsworth9@deliciousdays.com,Male,641.67
11,Rriocard,Melliard,rmelliarda@theatlantic.com,Male,-830.37
12,Roz,Tiffney,rtiffneyb@intel.com,Female,500.56
13,Ricoriki,Mulvany,rmulvanyc@toplist.cz,Genderqueer,814.13
14,Nikolai,Saurat,nsauratd@ed.gov,Male,880.74
15,Niven,Riddell,nriddelle@foxnews.com,Male,300.43
16,Shirley,Reece,sreecef@weebly.com,Female,-131.75
17,Henrik,Karet,hkaretg@tumblr.com,Male,-16.7
18,Tremain,Huffy,thuffyh@sitemeter.com,Non-binary,390.55
19,Vallie,Lafee,vlafeei@umich.edu,Female,874.24
20,Arnie,Vinden,avindenj@prlog.org,Male,-888.42
21,Hiram,Wanell,hwanellk@spiegel.de,Male,265.12
22,Madalyn,Pattlel,mpattlell@patch.com,Female,-188.04
23,Margo,Habble,mhabblem@delicious.com,Genderqueer,524.67
24,Daven,Dorton,ddortonn@accuweather.com,Male,-827.64
25,Denny,Gerrietz,dgerrietzo@instagram.com,Male,833.05
26,Corby,Huglin,chuglinp@cbc.ca,Male,573.25
27,Goran,Doudny,gdoudnyq@mlb.com,Male,-744.14
28,Maisie,Tender,mtenderr@clickbank.net,Female,868.17
29,Clemens,Beadles,cbeadless@huffingtonpost.com,Male,972.52
30,Em,Folkard,efolkardt@gmpg.org,Male,-594.79
31,Raffaello,Benbrick,rbenbricku@webeden.co.uk,Male,-754.54
32,Mariam,Culkin,mculkinv@techcrunch.com,Bigender,-334.73
33,Odelia,O'Dyvoy,oodyvoyw@state.tx.us,Agender,-585.78
34,Walden,Pashba,wpashbax@de.vu,Male,120.74
35,Merci,Smylie,msmyliey@ucsd.edu,Female,737.75
36,Brooke,Crewes,bcrewesz@marketwatch.com,Female,-365.23
37,Leicester,Cosslett,lcosslett10@msu.edu,Male,925.11
38,Pierson,Cuppleditch,pcuppleditch11@youtu.be,Male,-333.92
39,Nobie,Redemile,nredemile12@jalbum.net,Male,-104.49
40,Sutherlan,Divina,sdivina13@dion.ne.jp,Male,-214.65
41,Norton,Mullender,nmullender14@cnet.com,Male,-972.92
42,Mikol,Rishman,mrishman15@sbwire.com,Male,626.02
43,Cacilia,Basler,cbasler16@dion.ne.jp,Female,-19.47
44,Traci,Pinnigar,tpinnigar17@gravatar.com,Female,832.58
45,Nessi,Eamer,neamer18@auda.org.au,Genderfluid,188.75
46,Aubine,Yakunkin,ayakunkin19@mayoclinic.com,Female,-717.45
47,Ruperta,Ternent,rternent1a@google.de,Agender,332.57
48,Ethyl,Antonsen,eantonsen1b@guardian.co.uk,Polygender,139.72
49,Cass,Sommerfeld,csommerfeld1c@imdb.com,Female,-594.61
50,Freddie,Gettone,fgettone1d@dion.ne.jp,Polygender,974.55
51,Merrill,Babbage,mbabbage1e@marriott.com,Female,-530.39
52,Isahella,Tilbey,itilbey1f@home.pl,Female,133.71
53,Gale,Ormond,gormond1g@apple.com,Female,471.8
54,Alfredo,Chasmer,achasmer1h@tiny.cc,Male,-751.86
55,Zane,McDunlevy,zmcdunlevy1i@vk.com,Male,756.78
56,Quintana,Betser,qbetser1j@unicef.org,Female,467.52
57,Richie,Dudson,rdudson1k@artisteer.com,Male,-269.25
58,Eberto,Nyssens,enyssens1l@dyndns.org,Male,-532.17
59,Ermentrude,Allibone,eallibone1m@illinois.edu,Female,371.57
60,Cilka,Sultana,csultana1n@youku.com,Female,706.6
61,Penn,Hainge,phainge1o@hostgator.com,Agender,-327.01
62,Ellis,De Bell,edebell1p@histats.com,Male,-86.16
63,Binni,Custard,bcustard1q@paginegialle.it,Female,-644.34
64,Sarena,McAndrew,smcandrew1r@theguardian.com,Female,-310.23
65,Sky,Yglesia,syglesia1s@archive.org,Male,341.47
66,Esme,Whelpdale,ewhelpdale1t@photobucket.com,Male,735.87
67,Boyd,Balderston,bbalderston1u@blogs.com,Male,-54.02
68,Ned,Levine,nlevine1v@hao123.com,Male,-139.55
69,Lind,Karpol,lkarpol1w@mtv.com,Male,-284.74
70,Keriann,Huffey,khuffey1x@qq.com,Female,165.04
71,Edin,Foston,efoston1y@studiopress.com,Female,560.69
72,Ebonee,Althorp,ealthorp1z@blogtalkradio.com,Female,718.92
73,Alex,Umpleby,aumpleby20@jugem.jp,Male,128.12
74,De witt,Hynd,dhynd21@spotify.com,Male,306.96
75,Bernadina,Spikings,bspikings22@last.fm,Female,327.14
76,Trueman,Woodes,twoodes23@google.ru,Male,191.13
77,Mellicent,Boykett,mboykett24@kickstarter.com,Female,30.71
78,Iain,Fortie,ifortie25@livejournal.com,Male,569.69
79,Kearney,Maffin,kmaffin26@mlb.com,Male,-17.03
80,Robert,Lintall,rlintall27@webeden.co.uk,Male,-843.8
81,Garik,Pattingson,gpattingson28@independent.co.uk,Male,340.04
82,Barbaraanne,Canero,bcanero29@sfgate.com,Female,-932.87
83,Piggy,Ruttgers,pruttgers2a@time.com,Genderqueer,-173.02
84,Jonah,Capini,jcapini2b@mapquest.com,Male,105.05
85,Felic,Belin,fbelin2c@huffingtonpost.com,Male,789.04
86,Nerti,Ellissen,nellissen2d@people.com.cn,Female,568.46
87,Alix,Rosenqvist,arosenqvist2e@who.int,Male,-963.29
88,Ellsworth,Beach,ebeach2f@eventbrite.com,Male,533.23
89,Conan,Skelhorne,cskelhorne2g@amazon.de,Male,920.67
90,Ingunna,Rodell,irodell2h@google.cn,Female,-376.72
91,Kean,Wakeman,kwakeman2i@amazon.de,Male,60.92
92,Holmes,Krause,hkrause2j@cbsnews.com,Male,580.66
93,Vinny,Hentze,vhentze2k@issuu.com,Female,551.19
94,Gordy,Urlin,gurlin2l@biblegateway.com,Male,-499.4
95,Prinz,Tolossi,ptolossi2m@columbia.edu,Male,893.12
96,Cory,Lukovic,clukovic2n@si.edu,Male,-352.25
97,Miran,Rodinger,mrodinger2o@squarespace.com,Female,229.23
98,Aylmar,Seeborne,aseeborne2p@nymag.com,Male,210.07
99,Floyd,Ruthen,fruthen2q@weibo.com,Male,-775.52
100,Jody,Von Helmholtz,jvonhelmholtz2r@spiegel.de,Male,-989.45
101,Peta,Wims,pwims2s@va.gov,Bigender,-951.19
102,Jane,Poter,jpoter2t@barnesandnoble.com,Female,801.24
103,Alfons,Lodwig,alodwig2u@elpais.com,Male,573.7
104,Caleb,Paz,cpaz2v@apple.com,Male,-886.79
105,Felix,Cudmore,fcudmore2w@diigo.com,Male,57.3
106,Solly,Wedon,swedon2x@guardian.co.uk,Male,225.15
107,Elmore,Murgatroyd,emurgatroyd2y@instagram.com,Male,681.15
108,Griselda,Santello,gsantello2z@woothemes.com,Female,269.88
109,Terence,Dominelli,tdominelli30@sohu.com,Male,516.43
110,Cazzie,Skerratt,cskerratt31@odnoklassniki.ru,Male,287.84
111,Sarine,Joll,sjoll32@imageshack.us,Female,340.8
112,Wenda,Sharvill,wsharvill33@t.co,Female,620.51
113,Coop,Twells,ctwells34@etsy.com,Male,973.07
114,Javier,Carder,jcarder35@google.it,Male,59.13
115,Erl,Willingam,ewillingam36@intel.com,Male,718.75
116,Yevette,Beartup,ybeartup37@soundcloud.com,Female,953.33
117,Manny,Kubik,mkubik38@fotki.com,Non-binary,188.98
118,Tam,Dorkins,tdorkins39@msn.com,Male,386.96
119,Smitty,Bodemeaid,sbodemeaid3a@drupal.org,Male,170.32
120,Maisey,Caig,mcaig3b@topsy.com,Female,923.72
121,Binnie,Janku,bjanku3c@ehow.com,Female,794.77
122,Cleopatra,Bakesef,cbakesef3d@opera.com,Female,-139.52
123,Johannah,Dulson,jdulson3e@ibm.com,Female,-637.47
124,Jaquelyn,Frontczak,jfrontczak3f@blinklist.com,Female,-970.78
125,Gordan,Gary,ggary3g@state.gov,Male,114.79
126,Olivette,Clackson,oclackson3h@theatlantic.com,Female,291.76
127,Letty,Bente,lbente3i@cbsnews.com,Female,-144.79
128,Burg,Lassell,blassell3j@myspace.com,Male,-351.5
129,Val,Tregea,vtregea3k@smh.com.au,Male,681.29
130,Wayland,Coppins,wcoppins3l@wordpress.com,Male,-639.37
131,Alasdair,Chess,achess3m@clickbank.net,Male,-790.53
132,Nadean,Pinckard,npinckard3n@free.fr,Female,848.27
133,Dewey,Puddifer,dpuddifer3o@geocities.jp,Male,-65.03
134,Corabella,Curle,ccurle3p@senate.gov,Female,-470.97
135,Desiri,Burrel,dburrel3q@exblog.jp,Female,959.96
136,Katine,Pohls,kpohls3r@home.pl,Female,178.07
137,Court,Iannuzzelli,ciannuzzelli3s@lulu.com,Non-binary,476.74
138,Vanessa,Befroy,vbefroy3t@fda.gov,Female,-620.74
139,Weylin,Crosbie,wcrosbie3u@tripadvisor.com,Male,-864.55
140,Florri,Balharry,fbalharry3v@pinterest.com,Female,-0.75
141,Herminia,Mattiassi,hmattiassi3w@npr.org,Agender,795.02
142,Gilli,Eynald,geynald3x@histats.com,Female,776.66
143,Joelie,Paddon,jpaddon3y@wordpress.com,Female,811.11
144,Ardelle,Lovell,alovell3z@arizona.edu,Polygender,-659.99
145,Nial,Edgington,nedgington40@economist.com,Male,-541.5
146,Hall,Storror,hstorror41@rambler.ru,Male,941.18
147,Levy,Duckhouse,lduckhouse42@nationalgeographic.com,Male,453.82
148,Bevon,Sazio,bsazio43@mapquest.com,Male,539.29
149,Clemente,Hadleigh,chadleigh44@tmall.com,Male,-825.62
150,Banky,Jeanet,bjeanet45@hhs.gov,Male,453.84
151,Trip,Halms,thalms46@rakuten.co.jp,Male,664.41
152,Leonhard,Pollok,lpollok47@issuu.com,Male,-695.69
153,Melissa,Doody,mdoody48@geocities.com,Bigender,918.22
154,Constancia,Hryniewicki,chryniewicki49@samsung.com,Female,-756.92
155,Midge,Hanstock,mhanstock4a@issuu.com,Female,888.71
156,Maia,Wiz,mwiz4b@a8.net,Female,366.07
157,Raymund,Lingwood,rlingwood4c@ebay.co.uk,Male,-930.14
158,Tabbi,Houliston,thouliston4d@diigo.com,Female,-487.67
159,Octavius,Priver,opriver4e@sohu.com,Male,-958.53
160,Lucius,Stokoe,lstokoe4f@adobe.com,Male,-693.28
161,Meredithe,Kelinge,mkelinge4g@europa.eu,Female,-973.29
162,Prue,O'Fallone,pofallone4h@apache.org,Female,829.24
163,Annora,Rollings,arollings4i@wikispaces.com,Female,667.33
164,Kala,Berthel,kberthel4j@usa.gov,Female,-901.29
165,Bonni,MacIlwrick,bmacilwrick4k@google.ca,Female,650.45
166,Hadrian,Fandrey,hfandrey4l@senate.gov,Male,801.55
167,Richmound,Breslane,rbreslane4m@wufoo.com,Male,-896.74
168,Zola,Goodinson,zgoodinson4n@seattletimes.com,Female,838.8
169,Coretta,Micklem,cmicklem4o@yale.edu,Female,312.23
170,Glynis,Accomb,gaccomb4p@ehow.com,Female,364.3
171,Grace,Husby,ghusby4q@house.gov,Female,-850.05
172,Gaspar,Mabbot,gmabbot4r@techcrunch.com,Male,-381.93
173,Aurora,Eardley,aeardley4s@is.gd,Female,999.85
174,Kelley,Chartman,kchartman4t@tripod.com,Male,837.5
175,Royce,Mockett,rmockett4u@fastcompany.com,Male,367.87
176,Tulley,Asquith,tasquith4v@odnoklassniki.ru,Male,564.75
177,Vin,Ewles,vewles4w@unicef.org,Female,-574.31
178,Rawley,Riccardo,rriccardo4x@amazon.co.jp,Male,-231.43
179,Deni,Larrosa,dlarrosa4y@adobe.com,Female,-465.22
180,Idalia,Petrovykh,ipetrovykh4z@nsw.gov.au,Female,-744.41
181,Allissa,Ninnotti,aninnotti50@csmonitor.com,Female,-128.57
182,Verile,Whether,vwhether51@etsy.com,Female,585.82
183,Reider,Haselup,rhaselup52@cbslocal.com,Male,128.96
184,Christel,Dixey,cdixey53@dailymotion.com,Female,89.15
185,Libbi,Rowan,lrowan54@yahoo.com,Female,-52.66
186,Shaina,Benditt,sbenditt55@mit.edu,Female,-748.81
187,Frederique,Jain,fjain56@delicious.com,Female,172.13
188,Jackquelin,Filipychev,jfilipychev57@de.vu,Female,-753.44
189,Griffith,Byfield,gbyfield58@washington.edu,Male,140.42
190,Pennie,Overstall,poverstall59@dagondesign.com,Male,874.11
191,Reginauld,Lear,rlear5a@chicagotribune.com,Male,-520.93
192,Delora,Izakovitz,dizakovitz5b@livejournal.com,Female,-622.39
193,Sancho,Qusklay,squsklay5c@desdev.cn,Male,-177.96
194,Gabriellia,Dwane,gdwane5d@telegraph.co.uk,Female,418.87
195,Engelbert,Forshaw,eforshaw5e@deviantart.com,Male,915.38
196,Nedi,Cluff,ncluff5f@yellowbook.com,Female,977.9
197,Trixi,Pool,tpool5g@prlog.org,Genderqueer,-420.43
198,Zora,Ferro,zferro5h@twitter.com,Female,-663.29
199,Shirl,Clement,sclement5i@pen.io,Female,598.17
200,Kylynn,O'Shevlan,koshevlan5j@europa.eu,Female,-121.16
201,Corrinne,Gatch,cgatch5k@people.com.cn,Female,-634.78
202,Arnaldo,Learoyd,alearoyd5l@whitehouse.gov,Male,-706.15
203,Papageno,Giral,pgiral5m@eventbrite.com,Male,-971.06
204,Benedicto,Goslin,bgoslin5n@apple.com,Male,368.86
205,Raynard,Bischoff,rbischoff5o@discovery.com,Male,72.86
206,Koenraad,Yakubovics,kyakubovics5p@plala.or.jp,Male,392.22
207,Nickola,Cornu,ncornu5q@icq.com,Male,-65.97
208,Albertina,Norwood,anorwood5r@census.gov,Non-binary,728.64
209,Tull,Schnitter,tschnitter5s@unesco.org,Male,202.93
210,Sig,Sylett,ssylett5t@stanford.edu,Male,337.65
211,Wilfred,Ackland,wackland5u@geocities.com,Male,-90.48
212,Haley,Baythorp,hbaythorp5v@mashable.com,Male,691.73
213,Wendell,Jenman,wjenman5w@w3.org,Male,-328.9
214,Vernice,St Leger,vstleger5x@php.net,Female,-687.95
215,Leonard,Antonucci,lantonucci5y@mapy.cz,Genderqueer,396.2
216,Brew,Beven,bbeven5z@nps.gov,Male,840.07
217,Kerianne,Sworne,ksworne60@arizona.edu,Female,-141.42
218,Celestine,Klossmann,cklossmann61@techcrunch.com,Female,-923.81
219,Elane,Petrasso,epetrasso62@123-reg.co.uk,Female,-291.87
220,Thurston,Scurry,tscurry63@posterous.com,Male,-131.58
221,Kelcey,Bowdon,kbowdon64@icq.com,Female,151.64
222,Nels,Tremblot,ntremblot65@bloglovin.com,Male,-958.08
223,Glory,Kenington,gkenington66@sciencedaily.com,Female,936.6
224,Colan,McRae,cmcrae67@sohu.com,Male,-896.43
225,Iggy,Powys,ipowys68@google.ca,Bigender,-52.55
226,Cynde,Acedo,cacedo69@tamu.edu,Female,651.52
227,Shelden,Goulthorp,sgoulthorp6a@phoca.cz,Male,818.22
228,Ignacius,Bewshea,ibewshea6b@msn.com,Male,-210.0
229,Prudence,Ostick,postick6c@bloglines.com,Female,179.38
230,Armando,Bramham,abramham6d@pbs.org,Male,-175.63
231,Sansone,Demchen,sdemchen6e@elpais.com,Male,275.59
232,Aggy,Kirstein,akirstein6f@wiley.com,Female,-878.63
233,Reina,Sunman,rsunman6g@google.co.uk,Female,792.25
234,Augustin,Hulks,ahulks6h@bigcartel.com,Male,215.15
235,Dore,Chainey,dchainey6i@51.la,Female,-958.32
236,Cathlene,Moulden,cmoulden6j@salon.com,Bigender,-322.85
237,Demetri,Croxon,dcroxon6k@opensource.org,Male,356.28
238,Yank,Pettet,ypettet6l@mlb.com,Male,599.88
239,Bentley,Straun,bstraun6m@icq.com,Male,-558.78
240,Nehemiah,Gudgion,ngudgion6n@domainmarket.com,Bigender,-322.42
241,Chico,Backe,cbacke6o@w3.org,Male,-37.14
242,Austine,Gorst,agorst6p@unc.edu,Female,-88.51
243,Dur,Arnopp,darnopp6q@elegantthemes.com,Male,425.68
244,Ewart,Stears,estears6r@cnbc.com,Male,146.64
245,Dur,Dudenie,ddudenie6s@ebay.com,Male,697.89
246,Cherin,Ricardet,cricardet6t@china.com.cn,Female,-126.19
247,Ealasaid,Forlong,eforlong6u@buzzfeed.com,Female,216.12
248,Winna,Binny,wbinny6v@wsj.com,Female,44.71
249,Jada,Sivorn,jsivorn6w@csmonitor.com,Female,111.82
250,Jae,Guillain,jguillain6x@hud.gov,Male,-550.94
251,Sharia,Sprigin,ssprigin6y@skyrock.com,Female,936.48
252,Jennette,Archell,jarchell6z@edublogs.org,Female,-348.56
253,Flynn,Sockell,fsockell70@newsvine.com,Male,459.98
254,Kerri,Noar,knoar71@bizjournals.com,Female,-935.44
255,Bibbye,Carpenter,bcarpenter72@mapquest.com,Female,-682.37
256,Morganne,Renfield,mrenfield73@nba.com,Female,359.74
257,Evan,Barthram,ebarthram74@google.com.hk,Agender,-178.12
258,Irena,Valentim,ivalentim75@nyu.edu,Female,680.91
259,Carla,Patters,cpatters76@wired.com,Female,393.74
260,Camille,Follit,cfollit77@weibo.com,Female,-375.21
261,Janka,Gyles,jgyles78@furl.net,Female,580.69
262,Orrin,Fockes,ofockes79@chron.com,Bigender,819.28
263,Maryellen,Beggin,mbeggin7a@dyndns.org,Genderqueer,-604.3
264,Anastasie,Wardrop,awardrop7b@1688.com,Female,726.54
265,Elsi,Bridgen,ebridgen7c@smugmug.com,Female,-68.33
266,Merola,Lenz,mlenz7d@netscape.com,Female,675.99
267,Carmita,Youngman,cyoungman7e@ycombinator.com,Female,-799.14
268,Karla,Millichap,kmillichap7f@freewebs.com,Female,-664.08
269,Gaylene,Eyeington,geyeington7g@bloglovin.com,Female,-667.73
270,Luci,Brookshaw,lbrookshaw7h@blinklist.com,Female,784.6
271,Allissa,Somers,asomers7i@tuttocitta.it,Female,394.69
272,Angelita,Gyde,agyde7j@gizmodo.com,Female,-909.58
273,Harbert,Sedgeworth,hsedgeworth7k@so-net.ne.jp,Male,-566.54
274,Clara,Treversh,ctreversh7l@state.tx.us,Female,-288.34
275,Raffaello,Schruurs,rschruurs7m@dagondesign.com,Male,691.44
276,Genovera,Nabarro,gnabarro7n@i2i.jp,Female,216.39
277,Abeu,Murrhaupt,amurrhaupt7o@ustream.tv,Male,794.78
278,Stern,Loveard,sloveard7p@nps.gov,Male,684.74
279,Sylvester,Petras,spetras7q@icq.com,Male,786.97
280,Whittaker,Bloss,wbloss7r@theatlantic.com,Male,-654.08
281,Ward,Mountney,wmountney7s@hostgator.com,Male,-440.83
282,Cori,Pedican,cpedican7t@google.ru,Female,161.33
283,Marietta,Eslie,meslie7u@google.com.hk,Male,-363.69
284,Gabriellia,Macilhench,gmacilhench7v@blogger.com,Female,890.8
285,Alan,Brokenshaw,abrokenshaw7w@theatlantic.com,Agender,122.12
286,Juanita,Backshaw,jbackshaw7x@hostgator.com,Female,915.48
287,Flore,Keddie,fkeddie7y@opensource.org,Female,422.34
288,Thacher,Clemenson,tclemenson7z@sogou.com,Male,-140.47
289,Lemuel,Tremonte,ltremonte80@sitemeter.com,Male,5.49
290,Georgine,Mangan,gmangan81@pagesperso-orange.fr,Female,-150.16
291,Olly,Brazelton,obrazelton82@house.gov,Male,-409.85
292,Redford,Cawthorn,rcawthorn83@berkeley.edu,Genderfluid,777.98
293,Amby,Glanville,aglanville84@marriott.com,Male,511.51
294,Iggy,Keely,ikeely85@icio.us,Male,132.81
295,Calv,Christon,cchriston86@deliciousdays.com,Male,698.7
296,Mellisa,Rembaud,mrembaud87@indiatimes.com,Female,197.11
297,Alfons,Medgewick,amedgewick88@cdbaby.com,Male,-264.82
298,Myrle,Rennocks,mrennocks89@npr.org,Female,-792.37
299,Bartholomeo,McSparran,bmcsparran8a@shutterfly.com,Male,801.3
300,Jaime,Phillpotts,jphillpotts8b@cyberchimps.com,Male,741.46
301,Gusta,Kolakowski,gkolakowski8c@wikipedia.org,Female,-73.44
302,Halsey,Klimashevich,hklimashevich8d@goo.ne.jp,Male,861.88
303,Thorin,Dalliwatr,tdalliwatr8e@tiny.cc,Male,-653.81
304,Rosanna,Keaysell,rkeaysell8f@mozilla.com,Female,-695.35
305,Pris,Chastand,pchastand8g@cbslocal.com,Non-binary,693.66
306,Buckie,Whetton,bwhetton8h@scientificamerican.com,Male,500.9
307,Graeme,Shelton,gshelton8i@parallels.com,Male,863.43
308,Bancroft,Chatfield,bchatfield8j@nature.com,Male,-141.46
309,Natale,Finding,nfinding8k@constantcontact.com,Male,-373.39
310,Terrel,Paice,tpaice8l@illinois.edu,Bigender,-687.17
311,Frederique,Schroeder,fschroeder8m@ezinearticles.com,Female,300.31
312,Kermy,Kidson,kkidson8n@addthis.com,Male,-671.08
313,Valeria,Pawelek,vpawelek8o@imageshack.us,Female,695.26
314,Nesta,Petrus,npetrus8p@netscape.com,Female,-120.54
315,Mitchael,Doveston,mdoveston8q@exblog.jp,Male,-443.27
316,Francklyn,Vannini,fvannini8r@go.com,Male,699.2
317,Melicent,Rubinsky,mrubinsky8s@usda.gov,Female,-239.84
318,Justinn,Conachy,jconachy8t@google.fr,Female,-350.35
319,Christoforo,Megarrell,cmegarrell8u@opensource.org,Male,-875.09
320,Jeth,Jenyns,jjenyns8v@blogs.com,Male,-824.25
321,Jillian,Readings,jreadings8w@google.pl,Polygender,-919.69
322,Robbert,MacMakin,rmacmakin8x@tamu.edu,Male,-520.62
323,Avictor,Goathrop,agoathrop8y@hubpages.com,Male,-332.87
324,Randa,Copplestone,rcopplestone8z@barnesandnoble.com,Female,958.15
325,Dillon,Helks,dhelks90@usnews.com,Male,752.21
326,Darby,McCully,dmccully91@berkeley.edu,Female,-676.72
327,Orv,Quigg,oquigg92@mayoclinic.com,Male,701.53
328,Isobel,Borrow,iborrow93@msn.com,Female,-259.47
329,Don,Camerana,dcamerana94@examiner.com,Male,-509.85
330,Dacie,Rubenovic,drubenovic95@istockphoto.com,Female,-243.69
331,Rafi,Sheepy,rsheepy96@hubpages.com,Male,-189.46
332,Reynold,Trevance,rtrevance97@auda.org.au,Male,811.16
333,Page,Beard,pbeard98@europa.eu,Female,-30.71
334,Byram,McGilleghole,bmcgilleghole99@oakley.com,Male,644.1
335,Morena,Durie,mdurie9a@geocities.jp,Female,814.3
336,Bridget,Boyle,bboyle9b@mapquest.com,Female,-500.45
337,Bard,Woolaston,bwoolaston9c@merriam-webster.com,Male,12.09
338,Myer,Halpeine,mhalpeine9d@etsy.com,Male,510.91
339,Estrella,Sarre,esarre9e@geocities.jp,Female,13.09
340,Sergio,Bostock,sbostock9f@comcast.net,Male,-526.4
341,Carmel,Mussalli,cmussalli9g@state.gov,Female,117.96
342,Rudolph,Ilchenko,rilchenko9h@nba.com,Male,-393.64
343,Domenico,Meere,dmeere9i@shutterfly.com,Male,134.49
344,Gisele,Darter,gdarter9j@prweb.com,Female,-780.49
345,Shermy,Galletly,sgalletly9k@sina.com.cn,Male,-246.4
346,Andrew,Attwill,aattwill9l@rakuten.co.jp,Male,544.61
347,Anita,Northage,anorthage9m@feedburner.com,Genderqueer,37.68
348,Justus,Llorente,jllorente9n@jalbum.net,Male,-240.56
349,Inness,Dungay,idungay9o@360.cn,Male,767.2
350,Dolf,Sleightholme,dsleightholme9p@taobao.com,Male,527.96
351,Jacinda,Morgen,jmorgen9q@yahoo.co.jp,Female,579.43
352,Lou,Tryhorn,ltryhorn9r@ezinearticles.com,Male,-54.41
353,Lia,Hodgen,lhodgen9s@sphinn.com,Female,-508.84
354,Stanford,Stormonth,sstormonth9t@tuttocitta.it,Polygender,-510.27
355,Penni,Cornewall,pcornewall9u@tamu.edu,Female,-206.63
356,Harlene,Lumsdale,hlumsdale9v@aol.com,Female,-662.38
357,Maureen,Hawksworth,mhawksworth9w@house.gov,Agender,706.55
358,Corri,Fairebrother,cfairebrother9x@prnewswire.com,Female,-967.45
359,Emmalynn,Braunter,ebraunter9y@google.ru,Female,456.89
360,Charmion,Levett,clevett9z@chicagotribune.com,Female,-298.29
361,Zitella,Elsay,zelsaya0@blog.com,Female,740.89
362,Lishe,Jeger,ljegera1@surveymonkey.com,Female,243.87
363,Audra,Phillcox,aphillcoxa2@nih.gov,Female,226.51
364,Skipton,Chaloner,schalonera3@engadget.com,Male,857.37
365,Mic,Lett,mletta4@ameblo.jp,Male,229.31
366,Rutherford,Lloyd-Williams,rlloydwilliamsa5@macromedia.com,Male,284.55
367,Monah,Hutchcraft,mhutchcrafta6@newsvine.com,Female,95.57
368,Ignazio,Smaile,ismailea7@gov.uk,Male,638.36
369,Lee,McGriffin,lmcgriffina8@msu.edu,Male,433.75
370,Marna,Masserel,mmasserela9@rakuten.co.jp,Female,-525.6
371,Kitty,Pasticznyk,kpasticznykaa@nps.gov,Female,599.61
372,Glennie,Maudett,gmaudettab@about.me,Female,739.86
373,Alonzo,Collop,acollopac@bloglines.com,Bigender,-609.6
374,Franny,Kuscha,fkuschaad@google.co.uk,Male,920.57
375,Almeta,Membry,amembryae@yale.edu,Female,-609.22
376,Claudia,Dabs,cdabsaf@hao123.com,Female,451.64
377,Josi,Killwick,jkillwickag@bbc.co.uk,Female,-289.89
378,Loralyn,Benallack,lbenallackah@va.gov,Female,936.7
379,Lenore,Struttman,lstruttmanai@slideshare.net,Female,330.1
380,Teresina,Jeffress,tjeffressaj@boston.com,Female,35.74
381,Hercule,Langton,hlangtonak@deliciousdays.com,Male,-138.93
382,Kit,Coale,kcoaleal@webmd.com,Female,-178.48
383,Torre,Llop,tllopam@reference.com,Polygender,-829.27
384,Vanna,Gaskill,vgaskillan@dropbox.com,Female,-665.93
385,Merwin,Penhearow,mpenhearowao@newyorker.com,Male,-981.86
386,Rodge,Coade,rcoadeap@wikipedia.org,Male,-175.37
387,Norah,Ruddock,nruddockaq@xrea.com,Female,566.23
388,Jeannette,Nolton,jnoltonar@t-online.de,Female,-632.25
389,Alvan,Tretwell,atretwellas@ask.com,Male,83.96
390,Aryn,Moughtin,amoughtinat@i2i.jp,Female,319.53
391,Manfred,Claiden,mclaidenau@pen.io,Male,271.74
392,Gretel,Aspell,gaspellav@wired.com,Female,-568.06
393,Ichabod,Dixson,idixsonaw@blog.com,Male,-973.38
394,Stanwood,De Nisco,sdeniscoax@amazon.com,Male,-98.6
395,Westleigh,Sinkin,wsinkinay@weather.com,Non-binary,636.71
396,Lew,Elden,leldenaz@ucla.edu,Male,-337.37
397,Ab,Bernucci,abernuccib0@yahoo.co.jp,Male,933.61
398,Gar,Bynert,gbynertb1@china.com.cn,Male,494.96
399,Casandra,Haddeston,chaddestonb2@cloudflare.com,Female,134.76
400,Basilio,Piscopo,bpiscopob3@bravesites.com,Male,882.98
401,Prissie,Konig,pkonigb4@a8.net,Female,-27.65
402,Forster,Norville,fnorvilleb5@mashable.com,Male,-528.58
403,Vivian,Pelman,vpelmanb6@theatlantic.com,Female,971.83
404,Augustine,Comford,acomfordb7@un.org,Male,-914.06
405,Beauregard,Baumadier,bbaumadierb8@microsoft.com,Male,980.68
406,Brod,Buckleigh,bbuckleighb9@kickstarter.com,Male,8.39
407,Rainer,Bothram,rbothramba@wired.com,Male,718.04
408,Reena,Brayley,rbrayleybb@xing.com,Female,766.87
409,Zak,Abrahmovici,zabrahmovicibc@google.ru,Male,-24.1
410,Jaquenetta,Jiroutka,jjiroutkabd@time.com,Female,891.45
411,Thane,Rawood,trawoodbe@msn.com,Male,26.72
412,Doroteya,Caddy,dcaddybf@latimes.com,Female,740.93
413,Cary,Kochel,ckochelbg@google.com.au,Female,-221.87
414,Ellissa,Korejs,ekorejsbh@ocn.ne.jp,Female,-69.33
415,Orrin,Sirman,osirmanbi@printfriendly.com,Male,38.39
416,Blondy,Simcock,bsimcockbj@dropbox.com,Female,-183.26
417,Glen,Peaddie,gpeaddiebk@prlog.org,Male,-305.17
418,Edd,Gockeler,egockelerbl@histats.com,Male,988.59
419,Tully,Bart,tbartbm@google.com.br,Male,-10.1
420,Gilbertina,Zaniolo,gzaniolobn@vistaprint.com,Female,-275.97
421,Freddie,Moehle,fmoehlebo@gnu.org,Male,-166.67
422,Moise,Rubinivitz,mrubinivitzbp@blog.com,Male,959.21
423,Michell,Mollin,mmollinbq@usatoday.com,Female,-867.09
424,Harald,Ivanishin,hivanishinbr@amazon.co.uk,Male,-781.91
425,Larine,Garrick,lgarrickbs@psu.edu,Female,-122.84
426,Carolynn,Witnall,cwitnallbt@washington.edu,Female,291.55
427,Albert,Stammers,astammersbu@topsy.com,Genderfluid,-430.59
428,Marnie,Gantlett,mgantlettbv@tiny.cc,Female,-525.12
429,Chrystal,Chester,cchesterbw@huffingtonpost.com,Female,195.15
430,Carlie,Rainton,craintonbx@nasa.gov,Male,506.61
431,Barnett,Verlinde,bverlindeby@wix.com,Male,-231.42
432,Casar,Mitford,cmitfordbz@reddit.com,Male,838.41
433,Guthrey,Hamlet,ghamletc0@discuz.net,Male,-945.65
434,Gail,Belford,gbelfordc1@reference.com,Male,431.31
435,Nickey,Allett,nallettc2@shareasale.com,Male,34.19
436,Bendick,Cready,bcreadyc3@huffingtonpost.com,Male,-323.65
437,Lars,Berresford,lberresfordc4@vimeo.com,Male,130.32
438,Agnese,Haddrell,ahaddrellc5@indiatimes.com,Female,694.0
439,Deidre,Putnam,dputnamc6@opera.com,Female,-592.2
440,Marty,Storm,mstormc7@intel.com,Female,-544.68
441,Anetta,Teulier,ateulierc8@dropbox.com,Female,385.05
442,Izak,Tatteshall,itatteshallc9@woothemes.com,Male,400.15
443,Prentiss,Markwick,pmarkwickca@reuters.com,Male,681.47
444,Ilyse,Brenton,ibrentoncb@timesonline.co.uk,Female,-601.79
445,Gwynne,Kelmere,gkelmerecc@google.com,Female,-757.9
446,Jolynn,Gawke,jgawkecd@altervista.org,Female,252.59
447,Amabel,Cleife,acleifece@yellowpages.com,Female,-150.32
448,Zorah,Akeherst,zakeherstcf@google.fr,Female,-406.5
449,Grace,Humbert,ghumbertcg@tripod.com,Male,-646.53
450,Cam,Milksop,cmilksopch@domainmarket.com,Male,-629.51
451,Abba,Adamiec,aadamiecci@youtube.com,Genderfluid,-300.48
452,Cindee,Polding,cpoldingcj@ca.gov,Female,-984.54
453,Micky,Dovey,mdoveyck@nih.gov,Female,206.99
454,Frederik,Carpenter,fcarpentercl@wufoo.com,Male,61.46
455,Launce,MacSweeney,lmacsweeneycm@slashdot.org,Male,309.09
456,Garik,Jurkiewicz,gjurkiewiczcn@vkontakte.ru,Male,-89.09
457,Alyson,Attersoll,aattersollco@blogs.com,Female,963.1
458,Tyrone,Valdes,tvaldescp@yahoo.com,Male,221.29
459,Karin,Gillogley,kgillogleycq@angelfire.com,Female,-992.98
460,Tome,Ives,tivescr@youtu.be,Male,739.27
461,Erny,Orteu,eorteucs@whitehouse.gov,Male,592.94
462,Anjanette,Robbs,arobbsct@linkedin.com,Bigender,-305.49
463,Mathilde,Caze,mcazecu@ucsd.edu,Female,-334.56
464,Flori,Cod,fcodcv@mozilla.org,Female,-563.87
465,Langston,Longstaff,llongstaffcw@vinaora.com,Male,922.31
466,Grover,Isitt,gisittcx@blogspot.com,Male,-385.61
467,Tuesday,Tring,ttringcy@nasa.gov,Female,-534.25
468,Eugenio,Tanti,etanticz@aol.com,Male,716.9
469,Marchall,Dyzart,mdyzartd0@wikipedia.org,Male,-539.17
470,Emalee,Ollier,eollierd1@feedburner.com,Female,177.82
471,Jodi,Linthead,jlintheadd2@buzzfeed.com,Male,-553.88
472,Creighton,Hickinbottom,chickinbottomd3@bing.com,Male,-957.97
473,Dario,Duplain,dduplaind4@ftc.gov,Male,-347.59
474,Marlowe,Barnett,mbarnettd5@bloglines.com,Male,-0.41
475,Jenine,Scranny,jscrannyd6@go.com,Female,-227.83
476,Dimitry,Grane,dgraned7@wunderground.com,Male,-305.16
477,Rena,Hysom,rhysomd8@storify.com,Female,287.0
478,Laurent,Ferrier,lferrierd9@addthis.com,Male,-747.28
479,Marti,Stiller,mstillerda@europa.eu,Female,631.67
480,Ephrayim,de Villier,edevillierdb@chron.com,Male,60.52
481,Lyn,Smitham,lsmithamdc@redcross.org,Female,-410.51
482,Anselm,Warrington,awarringtondd@joomla.org,Male,625.08
483,Sullivan,McGaugey,smcgaugeyde@photobucket.com,Male,-167.65
484,Paddie,Wilbore,pwilboredf@youtube.com,Male,-72.58
485,Addy,Labbet,alabbetdg@bloomberg.com,Male,-511.52
486,Veronique,Duchant,vduchantdh@google.it,Female,193.28
487,Joann,Cawthery,jcawtherydi@altervista.org,Female,-437.8
488,Marlon,Gonnel,mgonneldj@alibaba.com,Male,114.97
489,Bryanty,Coltart,bcoltartdk@tumblr.com,Male,145.5
490,Stephani,Forryan,sforryandl@senate.gov,Female,873.47
491,Rhett,Woolacott,rwoolacottdm@prlog.org,Male,392.08
492,Karina,Banaszkiewicz,kbanaszkiewiczdn@ow.ly,Bigender,716.17
493,Nikolas,Faragan,nfaragando@prlog.org,Male,678.15
494,Erv,Fleischer,efleischerdp@hubpages.com,Male,146.1
495,Joly,Starten,jstartendq@delicious.com,Female,213.92
496,Gwennie,Yakubov,gyakubovdr@cafepress.com,Agender,-7.18
497,Delinda,Bortoli,dbortolids@spiegel.de,Female,799.58
498,Darb,Griston,dgristondt@umich.edu,Bigender,651.86
499,Rheba,Scranney,rscranneydu@nbcnews.com,Female,429.85
500,Iolande,Hutchin,ihutchindv@reddit.com,Genderfluid,-46.7
501,Fawnia,Sumsion,fsumsiondw@usda.gov,Bigender,-854.86
502,Moss,Moncaster,mmoncasterdx@storify.com,Male,-422.02
503,Frances,Legrave,flegravedy@wordpress.com,Female,40.55
504,Oneida,Garling,ogarlingdz@photobucket.com,Female,421.95
505,Wendell,Elderidge,welderidgee0@ask.com,Male,-905.6
506,Saunder,Hoyt,shoyte1@yolasite.com,Polygender,-863.81
507,Florry,Foucar,ffoucare2@goo.gl,Female,-287.76
508,Wolfy,Merck,wmercke3@twitter.com,Male,796.01
509,Karissa,Longford,klongforde4@technorati.com,Female,-199.33
510,Brose,Whates,bwhatese5@lulu.com,Male,-824.88
511,Loni,Blything,lblythinge6@earthlink.net,Female,-771.22
512,Alisa,Galbraith,agalbraithe7@time.com,Female,394.0
513,Halsey,McGuane,hmcguanee8@theguardian.com,Bigender,458.43
514,Atlanta,Stelli,astellie9@dion.ne.jp,Female,-438.96
515,Agnella,Cotelard,acotelardea@wikia.com,Female,-944.76
516,Alix,Immer,aimmereb@mtv.com,Female,867.05
517,Thomasina,Aguirrezabal,taguirrezabalec@discovery.com,Female,-277.07
518,Katherina,Livingston,klivingstoned@wikia.com,Female,337.06
519,Rodolph,Jados,rjadosee@yahoo.com,Male,392.77
520,Candi,Kirimaa,ckirimaaef@technorati.com,Female,-671.67
521,Nissa,Klejin,nklejineg@techcrunch.com,Female,61.0
522,Mala,Stores,mstoreseh@sina.com.cn,Female,760.44
523,Lelah,Beel,lbeelei@sciencedaily.com,Female,376.22
524,Jeannie,Carstairs,jcarstairsej@virginia.edu,Female,538.14
525,Killian,Clulee,kcluleeek@flavors.me,Agender,-149.13
526,Glad,Hucker,ghuckerel@tuttocitta.it,Genderqueer,-868.08
527,Barbara,Parlor,bparlorem@narod.ru,Female,-713.38
528,Fabian,Rainer,fraineren@amazon.com,Male,956.43
529,Marissa,Edards,medardseo@soundcloud.com,Female,302.14
530,Rebeca,Sodeau,rsodeauep@qq.com,Female,-476.1
531,Alexia,Semerad,asemeradeq@eepurl.com,Female,565.56
532,Hazel,Curtis,hcurtiser@1und1.de,Female,-463.86
533,Titos,Devany,tdevanyes@arizona.edu,Male,-953.51
534,Hestia,Flaherty,hflahertyet@ning.com,Agender,594.01
535,Pavel,Miroy,pmiroyeu@vistaprint.com,Male,792.67
536,Myron,Ducrow,mducrowev@hp.com,Male,566.34
537,Michaella,Lorrie,mlorrieew@buzzfeed.com,Female,655.85
538,Chandra,Easen,ceasenex@mac.com,Female,389.01
539,Tiffany,Isenor,tisenorey@amazon.co.jp,Female,-480.55
540,Harriott,Orpwood,horpwoodez@ted.com,Female,405.13
541,Sloane,Gerok,sgerokf0@seesaa.net,Male,184.14
542,Trefor,Tedstone,ttedstonef1@go.com,Male,-862.97
543,Denver,Oran,doranf2@infoseek.co.jp,Male,324.3
544,Myer,Stolze,mstolzef3@ox.ac.uk,Male,776.65
545,Bibby,Romagosa,bromagosaf4@slate.com,Female,-17.86
546,Ettore,McLarty,emclartyf5@google.ca,Male,185.12
547,Bea,Jennick,bjennickf6@tmall.com,Female,269.38
548,Lily,Bartocci,lbartoccif7@prnewswire.com,Female,-698.02
549,Karlan,Stanley,kstanleyf8@sciencedaily.com,Bigender,777.46
550,Belicia,Cabera,bcaberaf9@nifty.com,Female,500.85
551,Armand,Figgess,afiggessfa@qq.com,Male,866.39
552,Larry,Bleacher,lbleacherfb@netlog.com,Male,-180.67
553,Timofei,Zorzi,tzorzifc@google.nl,Male,-879.91
554,Woody,Seymark,wseymarkfd@cisco.com,Male,-202.7
555,Edwina,Adacot,eadacotfe@scribd.com,Female,-887.82
556,Odo,Emtage,oemtageff@theglobeandmail.com,Male,711.37
557,Clotilda,Pimlock,cpimlockfg@ed.gov,Female,874.46
558,Johnath,Pedder,jpedderfh@soundcloud.com,Female,-8.35
559,Nye,Catt,ncattfi@vk.com,Male,-37.04
560,Geoff,Bagster,gbagsterfj@flavors.me,Male,-981.58
561,Aldo,Swiggs,aswiggsfk@utexas.edu,Male,288.92
562,Inga,Benoy,ibenoyfl@infoseek.co.jp,Female,-825.76
563,Timoteo,Boarleyson,tboarleysonfm@bluehost.com,Male,879.07
564,Lisetta,Webby,lwebbyfn@hc360.com,Female,-80.09
565,Coretta,Woolaston,cwoolastonfo@plala.or.jp,Agender,-151.86
566,Leighton,Erskin,lerskinfp@netlog.com,Male,-62.09
567,Gram,Simioni,gsimionifq@hostgator.com,Polygender,535.13
568,Westleigh,Miners,wminersfr@psu.edu,Male,307.23
569,Adolphe,Fabler,afablerfs@exblog.jp,Male,342.7
570,Geri,O'Shea,gosheaft@dedecms.com,Male,-282.57
571,Redd,Penbarthy,rpenbarthyfu@pen.io,Male,-741.67
572,Emmeline,Lethley,elethleyfv@devhub.com,Female,706.3
573,Pate,De Vile,pdevilefw@opensource.org,Male,-314.07
574,Brinn,Barts,bbartsfx@quantcast.com,Female,370.18
575,Biddie,Fowgies,bfowgiesfy@nytimes.com,Non-binary,-433.63
576,Don,Arundell,darundellfz@accuweather.com,Male,-873.11
577,Noble,Pyffe,npyffeg0@so-net.ne.jp,Male,815.42
578,Sayre,Ismead,sismeadg1@lycos.com,Male,-633.82
579,Darell,Irdale,dirdaleg2@jugem.jp,Female,691.2
580,Pascal,Conry,pconryg3@dot.gov,Male,-769.11
581,Roxane,Tarborn,rtarborng4@privacy.gov.au,Female,-92.74
582,Pooh,Lamar,plamarg5@hp.com,Female,46.68
583,Antonina,Brilleman,abrillemang6@slashdot.org,Female,-676.94
584,Aila,McCart,amccartg7@ocn.ne.jp,Female,245.01
585,Allene,Ludvigsen,aludvigseng8@taobao.com,Female,-207.96
586,Gerick,Fisbburne,gfisbburneg9@goodreads.com,Agender,736.93
587,Silva,Lillicrop,slillicropga@independent.co.uk,Agender,259.98
588,Bartram,Klimes,bklimesgb@macromedia.com,Male,207.35
589,Ira,Molfino,imolfinogc@shop-pro.jp,Female,390.36
590,Sergeant,Pruckner,sprucknergd@zimbio.com,Male,-497.55
591,Pete,Pear,ppearge@t.co,Male,277.54
592,Ollie,Ruzek,oruzekgf@blogs.com,Male,-459.29
593,Tiertza,Phettis,tphettisgg@reuters.com,Female,-267.44
594,Loraine,Cobb,lcobbgh@friendfeed.com,Polygender,-225.82
595,Xever,Farnish,xfarnishgi@taobao.com,Male,935.91
596,Raf,Bruckent,rbruckentgj@tripod.com,Female,543.51
597,Burch,Abbie,babbiegk@tinyurl.com,Male,-645.04
598,Vera,Laffling,vlafflinggl@usda.gov,Female,-816.14
599,Audrye,Barham,abarhamgm@mapquest.com,Non-binary,157.64
600,Cleveland,Mingus,cmingusgn@vk.com,Male,-879.66
601,Joelie,Pea,jpeago@umich.edu,Female,821.33
602,Athena,Pepis,apepisgp@statcounter.com,Female,640.7
603,Wren,Bunyan,wbunyangq@cdbaby.com,Agender,28.88
604,Addy,Batten,abattengr@wikimedia.org,Male,-50.1
605,Astra,Tallant,atallantgs@exblog.jp,Female,-897.39
606,Lazaro,Lyles,llylesgt@moonfruit.com,Genderfluid,272.71
607,Shandra,Brabbins,sbrabbinsgu@dmoz.org,Female,541.88
608,Harlene,Rymill,hrymillgv@berkeley.edu,Female,507.38
609,Querida,Markey,qmarkeygw@comcast.net,Female,46.85
610,Sheela,Isakowicz,sisakowiczgx@amazon.co.uk,Female,942.14
611,Richie,Rennard,rrennardgy@a8.net,Male,10.11
612,Ekaterina,Taverner,etavernergz@springer.com,Genderfluid,-628.88
613,Franky,Roj,frojh0@liveinternet.ru,Female,-951.33
614,Portia,Baggiani,pbaggianih1@github.io,Female,532.19
615,Berta,Whitty,bwhittyh2@nytimes.com,Female,298.55
616,Terrance,Muzzini,tmuzzinih3@aboutads.info,Male,-737.9
617,Lucila,Booley,lbooleyh4@arizona.edu,Female,747.04
618,Robert,Courtney,rcourtneyh5@washingtonpost.com,Male,255.43
619,Tedman,Danielski,tdanielskih6@cam.ac.uk,Male,710.6
620,Delia,Dionisetti,ddionisettih7@linkedin.com,Female,475.59
621,Cori,Melloy,cmelloyh8@discovery.com,Male,970.78
622,Kiersten,Filshin,kfilshinh9@mysql.com,Female,201.12
623,Stacy,Coslett,scoslettha@github.io,Male,-513.93
624,Yolanda,Bloxsome,ybloxsomehb@statcounter.com,Female,-504.1
625,Ibby,Fawdrey,ifawdreyhc@webmd.com,Female,-421.88
626,Huey,Prowting,hprowtinghd@ow.ly,Male,487.17
627,Minnnie,Hannigan,mhanniganhe@who.int,Female,59.42
628,Zora,Glauber,zglauberhf@discuz.net,Female,-693.54
629,Derrek,Kienl,dkienlhg@xrea.com,Male,272.24
630,Raddy,Sheldrick,rsheldrickhh@huffingtonpost.com,Male,-316.46
631,Umberto,Bortolotti,ubortolottihi@example.com,Male,909.87
632,Kaitlin,Hinkins,khinkinshj@51.la,Female,-102.87
633,Niel,Reith,nreithhk@blog.com,Male,-444.04
634,Clevie,Wasson,cwassonhl@squarespace.com,Male,-230.38
635,Agosto,Wabe,awabehm@goo.gl,Male,-441.3
636,Boniface,Aylmore,baylmorehn@cargocollective.com,Male,389.25
637,Giordano,Filipchikov,gfilipchikovho@csmonitor.com,Male,-611.88
638,Petronia,Dobsons,pdobsonshp@deliciousdays.com,Female,-432.22
639,Gui,Clougher,gclougherhq@infoseek.co.jp,Non-binary,-239.71
640,Gabbie,Jeggo,gjeggohr@comsenz.com,Male,-14.92
641,Cami,Dary,cdaryhs@goo.gl,Bigender,-159.0
642,Bev,Trevain,btrevainht@istockphoto.com,Female,267.57
643,Iona,Hicks,ihickshu@boston.com,Female,-329.29
644,Durand,Parmby,dparmbyhv@ezinearticles.com,Male,985.85
645,Lyle,Castri,lcastrihw@usda.gov,Male,464.3
646,Vincenty,Winny,vwinnyhx@ihg.com,Male,-798.51
647,Pam,Garey,pgareyhy@sciencedirect.com,Bigender,910.83
648,Mitchell,Marte,mmartehz@japanpost.jp,Male,-644.61
649,Garrik,Sackler,gsackleri0@cbc.ca,Male,-741.83
650,Adriana,Maasze,amaaszei1@google.ca,Female,-660.01
651,Dehlia,Glenny,dglennyi2@walmart.com,Female,-867.12
652,Marcelline,MacCarter,mmaccarteri3@unicef.org,Female,718.8
653,Amery,Boustead,abousteadi4@cnn.com,Male,437.59
654,Cassandry,Edgson,cedgsoni5@51.la,Female,938.97
655,Misti,Wann,mwanni6@senate.gov,Polygender,350.64
656,Bret,Meeks,bmeeksi7@soup.io,Male,491.19
657,Rosene,Strowther,rstrowtheri8@indiegogo.com,Female,-448.78
658,Camila,Cummings,ccummingsi9@google.com.au,Female,-785.65
659,Maximilianus,Fairclough,mfaircloughia@printfriendly.com,Male,413.7
660,Vivyan,Skivington,vskivingtonib@technorati.com,Female,-673.33
661,Luisa,Suff,lsuffic@nydailynews.com,Female,630.77
662,Tedd,Gillooly,tgilloolyid@wikispaces.com,Male,-966.23
663,Latrena,Couzens,lcouzensie@lulu.com,Female,-267.11
664,Winona,Hawkings,whawkingsif@rakuten.co.jp,Female,725.77
665,Harland,Parell,hparellig@wix.com,Male,-603.1
666,Roch,Boyde,rboydeih@ucoz.ru,Female,-411.66
667,Denyse,Kelinge,dkelingeii@omniture.com,Female,-578.38
668,Claus,McIntosh,cmcintoshij@weather.com,Male,-177.32
669,Lemmie,Fredy,lfredyik@geocities.com,Male,-269.28
670,Garald,Lissandre,glissandreil@soundcloud.com,Male,838.66
671,Kaia,Trewhela,ktrewhelaim@dailymail.co.uk,Female,755.2
672,Kathrine,Robins,krobinsin@indiegogo.com,Female,422.29
673,Chauncey,O'Donegan,codoneganio@zimbio.com,Male,-987.32
674,Simon,Whisby,swhisbyip@businessweek.com,Male,643.67
675,Neilla,Cumbes,ncumbesiq@bandcamp.com,Female,593.62
676,Lexy,Tesoe,ltesoeir@uol.com.br,Genderqueer,946.67
677,Mead,Pea,mpeais@baidu.com,Female,-657.95
678,Sal,Defries,sdefriesit@whitehouse.gov,Female,-561.04
679,Chelsie,McLarens,cmclarensiu@deliciousdays.com,Female,938.71
680,Jakob,Grishakin,jgrishakiniv@taobao.com,Male,300.3
681,Yuri,Tiebe,ytiebeiw@nih.gov,Male,872.62
682,Neel,Cronshaw,ncronshawix@nps.gov,Male,121.79
683,Tobye,Brewerton,tbrewertoniy@adobe.com,Female,925.32
684,Christie,Duchart,cduchartiz@list-manage.com,Female,758.46
685,Rafaello,Charlo,rcharloj0@elpais.com,Male,-157.19
686,Edgardo,Giveen,egiveenj1@cargocollective.com,Male,-322.1
687,Kaia,Hurburt,khurburtj2@ovh.net,Female,-563.72
688,Gus,Sprankling,gspranklingj3@sfgate.com,Female,-823.92
689,Killy,Goretti,kgorettij4@psu.edu,Male,-690.55
690,Huntlee,O'Lagen,holagenj5@oakley.com,Male,-10.18
691,Greta,Baignard,gbaignardj6@washingtonpost.com,Female,183.61
692,Brandyn,Call,bcallj7@slashdot.org,Male,-858.65
693,Gabbie,MacCartair,gmaccartairj8@oakley.com,Female,553.0
694,Wilek,Myott,wmyottj9@slate.com,Male,-107.88
695,Almeta,Keatch,akeatchja@patch.com,Female,-275.11
696,Alex,Chree,achreejb@paypal.com,Bigender,-666.85
697,Renaldo,Dunstan,rdunstanjc@mit.edu,Male,121.56
698,Olia,Reeve,oreevejd@gmpg.org,Female,-339.41
699,Ira,Kleinstern,ikleinsternje@1688.com,Female,495.38
700,Ferguson,Szymon,fszymonjf@vimeo.com,Male,-481.3
701,Dora,Vasic,dvasicjg@cloudflare.com,Female,312.2
702,Emmi,Camber,ecamberjh@geocities.com,Female,991.85
703,Andras,Gossage,agossageji@goo.gl,Non-binary,-247.64
704,Ruthi,Mayte,rmaytejj@msu.edu,Female,69.92
705,Dacia,Adame,dadamejk@eventbrite.com,Female,-833.11
706,Augustus,Rosario,arosariojl@paypal.com,Male,-51.54
707,Ashby,Wooffinden,awooffindenjm@seattletimes.com,Male,-156.23
708,Dagmar,Daborne,ddabornejn@domainmarket.com,Female,475.77
709,Thaxter,McMylor,tmcmylorjo@usgs.gov,Male,701.65
710,Nilson,Peters,npetersjp@yellowbook.com,Male,435.19
711,Rebekah,Ohlsen,rohlsenjq@jigsy.com,Genderqueer,-852.7
712,Dona,Akerman,dakermanjr@businessweek.com,Female,113.59
713,Worthy,Abbott,wabbottjs@comsenz.com,Male,636.13
714,Lin,Tumilson,ltumilsonjt@amazonaws.com,Male,330.88
715,Tamas,Castanaga,tcastanagaju@alibaba.com,Male,-142.47
716,Georgie,Simmon,gsimmonjv@t-online.de,Female,473.38
717,Joye,Troak,jtroakjw@pen.io,Genderqueer,-767.77
718,Hubert,Panichelli,hpanichellijx@forbes.com,Non-binary,-562.57
719,Kessiah,Ninnotti,kninnottijy@miitbeian.gov.cn,Female,-942.83
720,Carmelina,Harte,chartejz@domainmarket.com,Female,355.03
721,Maighdiln,Quartly,mquartlyk0@discuz.net,Female,-947.22
722,Nani,Stocken,nstockenk1@amazon.de,Female,572.85
723,Bent,Kohrt,bkohrtk2@elegantthemes.com,Male,456.73
724,Edmon,Uman,eumank3@auda.org.au,Male,248.11
725,Grete,Seagrove,gseagrovek4@oakley.com,Female,-472.48
726,Mendy,Kirsche,mkirschek5@taobao.com,Male,479.62
727,Hiram,Baggot,hbaggotk6@mashable.com,Male,426.61
728,Kippy,Tedahl,ktedahlk7@ca.gov,Male,706.56
729,Gianna,Dreus,gdreusk8@accuweather.com,Genderqueer,576.87
730,Estrella,Thomasen,ethomasenk9@earthlink.net,Female,144.78
731,Angelo,Pontain,apontainka@washington.edu,Male,-454.11
732,Eolanda,Hymans,ehymanskb@latimes.com,Female,-955.61
733,Tedie,Smithson,tsmithsonkc@engadget.com,Male,-569.06
734,Carlin,Farquar,cfarquarkd@go.com,Male,-478.56
735,Lind,Spurdens,lspurdenske@ucla.edu,Female,-450.64
736,Celesta,Lodford,clodfordkf@livejournal.com,Female,355.33
737,Jock,Heinish,jheinishkg@myspace.com,Male,469.97
738,Agnola,Tither,atitherkh@baidu.com,Female,126.97
739,Regan,De Anesy,rdeanesyki@cisco.com,Male,154.75
740,Jojo,Royal,jroyalkj@ehow.com,Female,-857.41
741,Lyon,Ber,lberkk@intel.com,Male,-870.99
742,Lew,Phillp,lphillpkl@prweb.com,Male,-363.84
743,Worden,Seacombe,wseacombekm@time.com,Male,823.17
744,Bartel,Rumbold,brumboldkn@go.com,Male,695.52
745,Carey,MacCoveney,cmaccoveneyko@cyberchimps.com,Male,-302.99
746,Odo,Whitsey,owhitseykp@fda.gov,Male,528.7
747,Marquita,Lydon,mlydonkq@wikipedia.org,Genderfluid,-407.71
748,Candace,Tregido,ctregidokr@dell.com,Female,238.01
749,Wilek,Womersley,wwomersleyks@theatlantic.com,Male,381.43
750,Calida,Heeney,cheeneykt@msn.com,Female,167.07
751,Caroline,Gawen,cgawenku@desdev.cn,Female,-601.53
752,Joachim,O'Keaveny,jokeavenykv@psu.edu,Male,-435.77
753,Cello,Bilton,cbiltonkw@ucoz.ru,Male,479.19
754,Lannie,Danelut,ldanelutkx@is.gd,Male,280.08
755,Allie,Staddon,astaddonky@woothemes.com,Male,-543.86
756,Jamie,Bosward,jboswardkz@indiegogo.com,Male,-380.74
757,Josephina,Conyard,jconyardl0@is.gd,Female,-10.18
758,Winni,Warlock,wwarlockl1@dyndns.org,Female,275.68
759,Jania,Booker,jbookerl2@microsoft.com,Female,-518.75
760,Jasmine,Balden,jbaldenl3@woothemes.com,Female,-950.14
761,Saree,Drawmer,sdrawmerl4@google.pl,Female,-540.3
762,Barrie,Leggen,bleggenl5@facebook.com,Male,448.45
763,Merrily,Vasyunin,mvasyuninl6@mit.edu,Female,682.56
764,Willetta,Starten,wstartenl7@blogs.com,Polygender,535.25
765,Eimile,Grigor,egrigorl8@mlb.com,Female,-767.62
766,Philippa,Sear,psearl9@nih.gov,Female,795.05
767,Libbey,Tease,lteasela@google.de,Non-binary,388.21
768,Fannie,Stobbes,fstobbeslb@oakley.com,Female,-569.83
769,Hillier,Janout,hjanoutlc@reuters.com,Male,854.92
770,Sloan,Godilington,sgodilingtonld@nih.gov,Male,-835.48
771,Niko,Bossel,nbosselle@ed.gov,Male,-315.56
772,Addie,McGeown,amcgeownlf@infoseek.co.jp,Male,886.24
773,Rourke,Phinn,rphinnlg@merriam-webster.com,Male,-812.11
774,Tracie,Roser,troserlh@netvibes.com,Female,-615.06
775,Rock,Pranger,rprangerli@ameblo.jp,Male,-909.8
776,Felicity,Cunde,fcundelj@nyu.edu,Female,824.8
777,Carter,Olivello,colivellolk@163.com,Male,477.44
778,Shauna,Diboll,sdibollll@boston.com,Agender,-926.19
779,Thaddus,Maides,tmaideslm@seattletimes.com,Male,-775.12
780,Eadie,Cremins,ecreminsln@ted.com,Female,266.11
781,Ezekiel,Reddihough,ereddihoughlo@163.com,Male,-282.58
782,Quentin,Gulleford,qgullefordlp@hostgator.com,Female,588.24
783,Jaimie,Eaglesham,jeagleshamlq@storify.com,Female,168.11
784,Estella,Raiker,eraikerlr@europa.eu,Female,241.16
785,Sile,Kilbane,skilbanels@google.com,Female,508.25
786,Esta,Keable,ekeablelt@shinystat.com,Female,960.0
787,Annmarie,Sibray,asibraylu@fotki.com,Female,-409.65
788,Mal,Benam,mbenamlv@nydailynews.com,Male,528.48
789,Kearney,Paquet,kpaquetlw@joomla.org,Male,-816.46
790,Kipp,Jocic,kjociclx@blogtalkradio.com,Female,-332.13
791,Bradan,Moreside,bmoresidely@unesco.org,Male,-812.6
792,Brendis,Messiter,bmessiterlz@google.fr,Male,-156.7
793,Remus,Fayter,rfayterm0@sourceforge.net,Male,-904.9
794,Robena,Ilyunin,rilyuninm1@prlog.org,Female,-899.22
795,Tamiko,De Mico,tdemicom2@hc360.com,Female,-633.82
796,Ileana,Karpenko,ikarpenkom3@china.com.cn,Female,-139.97
797,Yurik,Sexti,ysextim4@123-reg.co.uk,Male,333.57
798,Marcos,Fidgeon,mfidgeonm5@deviantart.com,Male,-10.1
799,Forster,Creebo,fcreebom6@ftc.gov,Male,433.65
800,Vasilis,Greir,vgreirm7@skyrock.com,Male,-822.16
801,Alida,Erbe,aerbem8@qq.com,Female,-147.7
802,Bartie,Valois,bvaloism9@wiley.com,Male,570.25
803,Margarethe,Matuszyk,mmatuszykma@mashable.com,Genderqueer,-234.81
804,Blinni,Al Hirsi,balhirsimb@jalbum.net,Female,-335.19
805,Clim,Dunklee,cdunkleemc@ed.gov,Male,-58.7
806,Bobbee,Rimell,brimellmd@google.com,Female,544.14
807,Arie,Nutley,anutleyme@nifty.com,Male,-481.98
808,Craig,Dodgshon,cdodgshonmf@dailymail.co.uk,Male,-183.49
809,Diann,Showt,dshowtmg@theglobeandmail.com,Female,-455.96
810,Kelcey,Foddy,kfoddymh@cbslocal.com,Female,-374.06
811,Feodora,Lenin,fleninmi@unesco.org,Female,-39.58
812,Toma,Matthisson,tmatthissonmj@reverbnation.com,Female,-448.33
813,Ludvig,Crommett,lcrommettmk@wunderground.com,Male,386.0
814,Alla,Witt,awittml@elpais.com,Female,401.18
815,Adey,MacBey,amacbeymm@hostgator.com,Female,526.65
816,Jae,Wallentin,jwallentinmn@netvibes.com,Male,954.95
817,Lyndsie,Bailess,lbailessmo@npr.org,Female,854.07
818,Ruddie,Bampkin,rbampkinmp@mozilla.org,Male,845.78
819,Aldridge,Verson,aversonmq@earthlink.net,Male,-822.97
820,Karyl,Mcwhinnie,kmcwhinniemr@bloomberg.com,Female,-253.55
821,Goddart,Clementet,gclementetms@people.com.cn,Male,266.43
822,Rex,Kett,rkettmt@taobao.com,Male,-712.55
823,Glory,Biset,gbisetmu@amazonaws.com,Female,-574.08
824,Martyn,Sterman,mstermanmv@chicagotribune.com,Male,942.38
825,Umberto,Keling,ukelingmw@amazon.co.uk,Male,-25.02
826,Bunny,Eede,beedemx@tamu.edu,Female,-713.41
827,Cassy,Guyet,cguyetmy@usda.gov,Genderqueer,607.65
828,Benedict,Gobbet,bgobbetmz@un.org,Male,-187.34
829,Myra,Leel,mleeln0@google.com,Female,-465.64
830,Udall,Winckworth,uwinckworthn1@engadget.com,Male,4.79
831,Iver,Topliss,itoplissn2@webmd.com,Male,374.33
832,Missy,Sposito,mspositon3@washingtonpost.com,Female,-902.29
833,Candie,Billyeald,cbillyealdn4@godaddy.com,Female,-352.48
834,Che,Paulazzi,cpaulazzin5@dailymail.co.uk,Male,370.69
835,Edgar,Blackwell,eblackwelln6@bbc.co.uk,Male,771.01
836,Delinda,Endrighi,dendrighin7@plala.or.jp,Female,316.19
837,Onfroi,Gawler,ogawlern8@goodreads.com,Male,-132.65
838,Stanley,Artinstall,sartinstalln9@npr.org,Male,-442.53
839,Nestor,Lode,nlodena@usda.gov,Male,893.73
840,Maitilde,Monroe,mmonroenb@bbb.org,Female,834.7
841,Geoff,Duchart,gduchartnc@disqus.com,Male,539.79
842,Ban,Hunter,bhunternd@wisc.edu,Male,-181.67
843,Dru,Nowakowska,dnowakowskane@macromedia.com,Male,-263.33
844,Zitella,Readhead,zreadheadnf@eventbrite.com,Female,-673.62
845,Cordy,Risley,crisleyng@economist.com,Male,-778.07
846,Vincenty,Hamil,vhamilnh@mapy.cz,Male,286.51
847,Gill,Beel,gbeelni@indiegogo.com,Male,-310.27
848,Vonnie,Summerhayes,vsummerhayesnj@dot.gov,Polygender,-941.89
849,Drugi,Petcher,dpetchernk@networksolutions.com,Male,-784.75
850,Pierette,Raspison,praspisonnl@epa.gov,Female,-762.85
851,Maxi,Struan,mstruannm@instagram.com,Female,946.95
852,Una,Wolpert,uwolpertnn@economist.com,Female,832.43
853,Saraann,Peacey,speaceyno@yolasite.com,Female,700.31
854,Sallee,McCaskell,smccaskellnp@washingtonpost.com,Female,-40.9
855,Leda,Haggard,lhaggardnq@devhub.com,Female,620.1
856,Gottfried,Hartell,ghartellnr@ucsd.edu,Male,-496.91
857,Donny,Riquet,driquetns@theatlantic.com,Male,-121.85
858,Jaclin,Dran,jdrannt@digg.com,Female,-658.73
859,Abe,Roof,aroofnu@de.vu,Male,-514.61
860,Red,Shoreman,rshoremannv@ifeng.com,Male,-621.26
861,Marcelo,Sawden,msawdennw@about.com,Male,270.62
862,Buck,Limpkin,blimpkinnx@1und1.de,Male,-102.56
863,Terrye,Durkin,tdurkinny@washington.edu,Female,541.34
864,Gabriella,Hachard,ghachardnz@trellian.com,Female,-210.95
865,Zenia,Reedshaw,zreedshawo0@ucsd.edu,Female,-252.87
866,Boonie,Abrahamsson,babrahamssono1@springer.com,Male,-26.28
867,Emmye,Kinkead,ekinkeado2@tripadvisor.com,Female,-480.78
868,Margalo,Yu,myuo3@goo.ne.jp,Female,672.52
869,Jamaal,Bonaire,jbonaireo4@howstuffworks.com,Male,802.01
870,Shelton,Reiners,sreinerso5@smugmug.com,Male,-841.12
871,Akim,Gartland,agartlando6@ihg.com,Male,-746.63
872,Murvyn,Lanegran,mlanegrano7@moonfruit.com,Male,-533.38
873,Cass,Ullyott,cullyotto8@cnbc.com,Female,-670.94
874,Cchaddie,Yglesia,cyglesiao9@ameblo.jp,Male,-994.87
875,Papagena,Ferrario,pferrariooa@wunderground.com,Female,-519.59
876,Barnaby,Maffucci,bmaffucciob@nps.gov,Male,-916.35
877,Caryl,Battlestone,cbattlestoneoc@smugmug.com,Non-binary,513.69
878,Christie,Hodgen,chodgenod@redcross.org,Female,-355.33
879,Neall,Klinck,nklinckoe@va.gov,Male,682.65
880,Winnah,McCarty,wmccartyof@hhs.gov,Female,939.81
881,Dale,Holtum,dholtumog@ox.ac.uk,Male,-606.26
882,Katleen,Gerlack,kgerlackoh@opera.com,Genderfluid,946.92
883,Yoshiko,Ettery,yetteryoi@cmu.edu,Female,-963.16
884,Gerri,Hibbart,ghibbartoj@stanford.edu,Male,-58.5
885,Casper,Reede,creedeok@free.fr,Male,546.07
886,Dierdre,Vigars,dvigarsol@shutterfly.com,Female,952.82
887,Wilt,Cesaric,wcesaricom@nationalgeographic.com,Male,-451.89
888,Roberta,Hartopp,rhartoppon@rediff.com,Female,417.91
889,Lu,Rankcom,lrankcomoo@hibu.com,Female,242.49
890,Mahmoud,Cust,mcustop@goo.ne.jp,Male,869.19
891,Mallissa,Daughton,mdaughtonoq@wikispaces.com,Female,97.12
892,Quincy,Scone,qsconeor@webeden.co.uk,Male,739.39
893,Letti,Olennikov,lolennikovos@npr.org,Genderfluid,649.57
894,Jobye,Habbal,jhabbalot@oaic.gov.au,Female,618.63
895,Melli,Ketteridge,mketteridgeou@umich.edu,Female,928.44
896,Gertrude,Gladtbach,ggladtbachov@miibeian.gov.cn,Female,-879.08
897,Harriet,Pischel,hpischelow@goo.gl,Female,739.66
898,Bartie,Marfe,bmarfeox@qq.com,Genderfluid,847.4
899,Elliott,Busen,ebusenoy@ehow.com,Male,-806.23
900,Vikky,Spiaggia,vspiaggiaoz@goo.ne.jp,Female,206.61
901,Elane,Steed,esteedp0@google.com,Non-binary,103.49
902,Avie,Pickburn,apickburnp1@e-recht24.de,Female,-959.7
903,Pauli,Shevels,pshevelsp2@vinaora.com,Agender,-549.05
904,Farly,Acuna,facunap3@eventbrite.com,Male,-905.6
905,Trudey,Sandon,tsandonp4@sun.com,Female,-481.14
906,Jabez,Joddens,jjoddensp5@yolasite.com,Male,-468.79
907,Ingeberg,Eakley,ieakleyp6@illinois.edu,Female,536.42
908,Gayle,Ogdahl,gogdahlp7@bluehost.com,Male,744.41
909,Koenraad,MacKibbon,kmackibbonp8@wunderground.com,Male,-969.55
910,Hermon,Edmondson,hedmondsonp9@umich.edu,Male,-769.65
911,Horten,Omond,homondpa@nba.com,Non-binary,-414.43
912,Emelen,Hellmore,ehellmorepb@feedburner.com,Male,-504.47
913,Arlan,Knapman,aknapmanpc@infoseek.co.jp,Male,657.05
914,Inglebert,McVeagh,imcveaghpd@cnbc.com,Male,788.6
915,Terry,Feake,tfeakepe@addtoany.com,Female,-921.2
916,Emmit,Aumerle,eaumerlepf@usatoday.com,Male,-941.52
917,Jamaal,Tyreman,jtyremanpg@google.fr,Male,16.38
918,Chester,Malinowski,cmalinowskiph@sakura.ne.jp,Male,-673.61
919,Mitchael,Jakobssen,mjakobssenpi@dagondesign.com,Male,37.18
920,Minnaminnie,Mapledoore,mmapledoorepj@hatena.ne.jp,Female,-953.42
921,Bili,Cronin,bcroninpk@list-manage.com,Female,-456.1
922,Cori,Ayrs,cayrspl@skyrock.com,Male,87.1
923,Farly,Brian,fbrianpm@admin.ch,Male,695.37
924,Gerrie,Grimoldby,ggrimoldbypn@printfriendly.com,Female,460.6
925,Rhonda,Casford,rcasfordpo@linkedin.com,Female,-370.89
926,Terrell,Leathard,tleathardpp@miibeian.gov.cn,Male,166.26
927,Carmina,Baiyle,cbaiylepq@dyndns.org,Polygender,-52.58
928,Gerek,Le Gallo,glegallopr@google.co.jp,Male,-834.44
929,Mariele,Toope,mtoopeps@kickstarter.com,Female,-174.32
930,Pavel,Kmicicki,pkmicickipt@bluehost.com,Male,105.23
931,Merna,Eddie,meddiepu@toplist.cz,Female,792.86
932,Miltie,Empleton,mempletonpv@posterous.com,Male,843.31
933,Justinian,Koppen,jkoppenpw@so-net.ne.jp,Male,-113.77
934,Darwin,Mercy,dmercypx@cpanel.net,Male,378.73
935,Minnaminnie,Copin,mcopinpy@cdbaby.com,Female,141.52
936,Ingrid,Carnelley,icarnelleypz@meetup.com,Female,471.15
937,Dulcia,Surmon,dsurmonq0@photobucket.com,Genderqueer,-250.94
938,Prinz,Deverose,pdeveroseq1@smugmug.com,Male,-569.56
939,Marietta,Norcutt,mnorcuttq2@kickstarter.com,Female,98.58
940,Amerigo,Teresa,ateresaq3@addtoany.com,Male,417.68
941,Shanie,Pusey,spuseyq4@toplist.cz,Female,-526.2
942,Cristina,Reinhart,creinhartq5@wikipedia.org,Female,751.68
943,Alisa,Houlston,ahoulstonq6@imageshack.us,Bigender,-859.66
944,Spencer,Brimham,sbrimhamq7@goo.gl,Male,-491.53
945,Alister,Penswick,apenswickq8@vistaprint.com,Male,-151.64
946,Percy,Chessman,pchessmanq9@sciencedirect.com,Male,10.03
947,Homere,Gimbrett,hgimbrettqa@businessweek.com,Male,88.69
948,Tawsha,O'Fihily,tofihilyqb@omniture.com,Non-binary,969.66
949,Kearney,Igo,kigoqc@opensource.org,Male,-316.91
950,Karlotta,Dedam,kdedamqd@mediafire.com,Female,-70.98
951,Erina,Styant,estyantqe@google.es,Female,-18.94
952,Jammal,Gleave,jgleaveqf@yandex.ru,Male,-162.47
953,Web,Larderot,wlarderotqg@unicef.org,Non-binary,-661.74
954,Loralee,Santore,lsantoreqh@cocolog-nifty.com,Female,889.74
955,Connie,Faulder,cfaulderqi@slashdot.org,Male,473.0
956,Harmonie,Janes,hjanesqj@theglobeandmail.com,Female,-147.36
957,Jerri,Whittle,jwhittleqk@biglobe.ne.jp,Male,466.33
958,Susannah,Kupec,skupecql@linkedin.com,Female,777.57
959,Else,Guirardin,eguirardinqm@gizmodo.com,Female,991.17
960,Iggie,Witherup,iwitherupqn@histats.com,Male,774.1
961,Chane,Tiuit,ctiuitqo@devhub.com,Male,-883.41
962,Roderic,Stoneman,rstonemanqp@state.gov,Male,385.28
963,Ashbey,Billson,abillsonqq@canalblog.com,Male,754.26
964,Boote,Marshfield,bmarshfieldqr@acquirethisname.com,Male,415.55
965,Kayle,Buckell,kbuckellqs@hud.gov,Female,488.16
966,Kattie,Lethlay,klethlayqt@weibo.com,Female,-866.65
967,Tandy,Rittmeyer,trittmeyerqu@mtv.com,Female,-315.78
968,Aida,Ferrarini,aferrariniqv@weebly.com,Female,447.66
969,Austin,Aveling,aavelingqw@google.com.hk,Female,97.29
970,Flemming,Lucien,flucienqx@squidoo.com,Male,-137.68
971,Mala,Ughelli,mughelliqy@oakley.com,Genderqueer,723.86
972,Gianina,Llewelly,gllewellyqz@live.com,Female,802.57
973,Christabella,Kingerby,ckingerbyr0@scientificamerican.com,Female,958.06
974,Delcina,Danforth,ddanforthr1@foxnews.com,Female,276.77
975,Mateo,Clelle,mcleller2@dion.ne.jp,Male,962.32
976,Carry,Guerner,cguernerr3@photobucket.com,Female,592.38
977,Teri,Goscomb,tgoscombr4@senate.gov,Female,-886.44
978,Blakelee,Bird,bbirdr5@imdb.com,Female,-600.28
979,Holly,Ricards,hricardsr6@timesonline.co.uk,Male,-649.13
980,Carmel,MacGaffey,cmacgaffeyr7@webeden.co.uk,Female,286.04
981,Gwynne,Feye,gfeyer8@noaa.gov,Female,-166.52
982,Standford,Blees,sbleesr9@1und1.de,Male,-321.05
983,Shoshana,Greet,sgreetra@homestead.com,Bigender,-899.16
984,Hermann,Lapre,hlaprerb@123-reg.co.uk,Male,-517.12
985,Wilfrid,Rahl,wrahlrc@lycos.com,Male,695.04
986,Tommie,Acutt,tacuttrd@tinypic.com,Male,-79.25
987,Lyssa,Vallens,lvallensre@people.com.cn,Genderqueer,496.79
988,Cami,Gregori,cgregorirf@gizmodo.com,Female,776.73
989,Nigel,Dobrovsky,ndobrovskyrg@domainmarket.com,Male,545.31
990,Lindsay,Steketee,lsteketeerh@naver.com,Female,570.65
991,Sherm,Elsley,selsleyri@cbc.ca,Male,-685.42
992,Alfie,Delacourt,adelacourtrj@weibo.com,Male,-533.03
993,Stirling,Boland,sbolandrk@yellowbook.com,Male,-995.42
994,Franklin,Alyukin,falyukinrl@dyndns.org,Male,-881.26
995,Gunilla,Coleman,gcolemanrm@omniture.com,Female,-228.77
996,Lanette,Bolino,lbolinorn@linkedin.com,Female,-251.93
997,Caz,Bourgaize,cbourgaizero@foxnews.com,Male,-904.62
998,Sherill,Jeanenet,sjeanenetrp@quantcast.com,Female,138.67
999,Vernen,Umbert,vumbertrq@bbb.org,Male,680.07
1000,Leo,Favela,lfavelarr@so-net.ne.jp,Male,769.53
