id,first_name,last_name,email,gender,balance
1,De witt,Benninger,dbenninger0@ezinearticles.com,Male,953.78
2,Edithe,Petkov,epetkov1@pagesperso-orange.fr,Female,-664.84
3,Allene,Jakubovics,ajakubovics2@mysql.com,Female,-727.33
4,Ellie,Peckham,epeckham3@ifeng.com,Female,946.36
5,Cart,Stuchburie,cstuchburie4@reverbnation.com,Male,845.42
6,Jewell,Kill,jkill5@wsj.com,Female,767.99
7,Gilberte,Wareham,gwareham6@a8.net,Female,788.56
8,Jocelyn,Flageul,jflageul7@is.gd,Female,911.5
9,Phaidra,Davydochkin,pdavydochkin8@narod.ru,Female,259.88
10,Reiko,Kernley,rkernley9@ft.com,Female,457.08
11,Kathryne,Letson,kletsona@liveinternet.ru,Genderqueer,-583.03
12,Jean,Cassedy,jcassedyb@hc360.com,Female,868.37
13,Rubin,Vannah,rvannahc@newyorker.com,Male,-701.05
14,Walton,Borland,wborlandd@yahoo.co.jp,Male,663.95
15,Gladi,Shurmer,gshurmere@princeton.edu,Female,-954.45
16,Kiley,Cord,kcordf@thetimes.co.uk,Polygender,-996.18
17,Roldan,Compston,rcompstong@addthis.com,Male,114.22
18,Karyl,Andrusov,kandrusovh@ebay.co.uk,Female,-283.1
19,Dorolice,Budnik,dbudniki@lycos.com,Female,338.62
20,Iorgo,Adamides,iadamidesj@cloudflare.com,Male,283.95
21,Alejandrina,Suatt,asuattk@noaa.gov,Female,-406.27
22,Jeri,Douberday,jdouberdayl@skyrock.com,Female,-254.99
23,Alexi,Acedo,aacedom@who.int,Female,634.63
24,Byron,Dunk,bdunkn@digg.com,Agender,804.57
25,Batsheva,Stennes,bstenneso@fc2.com,Female,893.54
26,Lea,Kearney,lkearneyp@sun.com,Female,991.79
27,Teador,Kristufek,tkristufekq@1688.com,Male,263.89
28,Natty,Thurner,nthurnerr@nasa.gov,Female,398.6
29,Tiphany,Scough,tscoughs@dot.gov,Female,-589.76
30,Bradney,Worshall,bworshallt@homestead.com,Male,327.74
31,Skippy,Faber,sfaberu@eventbrite.com,Male,-841.33
32,Aldon,Risom,arisomv@columbia.edu,Male,785.33
33,Annecorinne,Liddicoat,aliddicoatw@desdev.cn,Female,328.46
34,Stormy,Poynton,spoyntonx@indiatimes.com,Female,578.88
35,Cirilo,Ridout,cridouty@shop-pro.jp,Polygender,695.2
36,Hewe,Evenett,hevenettz@dyndns.org,Male,-290.26
37,Immanuel,Belden,ibelden10@patch.com,Male,-654.43
38,Jacquetta,Gladdis,jgladdis11@privacy.gov.au,Female,-461.92
39,Mame,Montel,mmontel12@51.la,Female,974.84
40,Hugo,Pickin,hpickin13@tuttocitta.it,Agender,-209.18
41,Antonio,Sare,asare14@oracle.com,Male,-49.55
42,Nathanael,Litton,nlitton15@squidoo.com,Male,332.5
43,Lesley,Shildrake,lshildrake16@dedecms.com,Male,-522.87
44,Engelbert,Witten,ewitten17@google.com.au,Male,141.59
45,Myrilla,Ledley,mledley18@yahoo.co.jp,Female,115.22
46,Constantino,Duckham,cduckham19@blogtalkradio.com,Male,348.43
47,Sutherlan,Donaway,sdonaway1a@qq.com,Male,-626.6
48,Tonie,Lansbury,tlansbury1b@desdev.cn,Female,-784.37
49,Lauretta,Wadeling,lwadeling1c@cdc.gov,Female,310.72
50,Blake,Cozzi,bcozzi1d@walmart.com,Male,680.91
51,Margy,Rabbet,mrabbet1e@imageshack.us,Female,673.37
52,Vladamir,Hickeringill,vhickeringill1f@amazonaws.com,Male,32.97
53,Drusie,Van der Kruijs,dvanderkruijs1g@ibm.com,Female,17.87
54,Martha,Wenban,mwenban1h@newsvine.com,Female,-418.24
55,Roz,Fulep,rfulep1i@alibaba.com,Female,930.06
56,Lowe,Palluschek,lpalluschek1j@bluehost.com,Male,982.63
57,Javier,Salatino,jsalatino1k@comsenz.com,Male,427.36
58,Beverie,Torres,btorres1l@unesco.org,Female,-623.2
59,Nye,Spaight,nspaight1m@microsoft.com,Male,743.34
60,Kim,Borsay,kborsay1n@bizjournals.com,Genderfluid,480.51
61,Geoff,Cramb,gcramb1o@sina.com.cn,Male,-180.51
62,Durward,Cornbill,dcornbill1p@hhs.gov,Male,-906.13
63,Thornton,Allcock,tallcock1q@angelfire.com,Male,-359.93
64,Sanderson,Ivancevic,sivancevic1r@devhub.com,Male,-643.62
65,Fabian,Blincowe,fblincowe1s@google.pl,Male,-613.57
66,Leigh,Caudrelier,lcaudrelier1t@mtv.com,Female,136.62
67,Valentia,Wagg,vwagg1u@foxnews.com,Female,-315.51
68,Hayes,Skoof,hskoof1v@sitemeter.com,Male,19.46
69,Gennifer,Faldo,gfaldo1w@spotify.com,Female,879.14
70,Annamaria,Verissimo,averissimo1x@addthis.com,Female,-491.97
71,Korey,Bloodworthe,kbloodworthe1y@themeforest.net,Male,489.07
72,Marwin,Speenden,mspeenden1z@europa.eu,Polygender,467.57
73,Gay,Loade,gloade20@yahoo.com,Male,-580.03
74,Rabbi,Marten,rmarten21@google.co.uk,Male,153.84
75,Idette,Fisk,ifisk22@dell.com,Female,-395.33
76,Blinny,Huebner,bhuebner23@howstuffworks.com,Female,534.55
77,Agathe,Gocher,agocher24@prlog.org,Female,897.98
78,Tod,Haskell,thaskell25@nhs.uk,Male,-316.16
79,Carver,Rayhill,crayhill26@sfgate.com,Male,-631.5
80,Mirabel,Tebbett,mtebbett27@typepad.com,Female,715.47
81,Swen,O'Shiels,soshiels28@networkadvertising.org,Male,360.34
82,Alix,Kydd,akydd29@unblog.fr,Male,-736.09
83,Lanita,Pettendrich,lpettendrich2a@1und1.de,Female,189.12
84,Fredi,Gilfoyle,fgilfoyle2b@tuttocitta.it,Female,-705.95
85,Janis,Cann,jcann2c@examiner.com,Female,853.09
86,Bonnee,Henrie,bhenrie2d@dropbox.com,Female,-120.57
87,Tobe,Firk,tfirk2e@chron.com,Male,-843.7
88,Arvy,O'Dwyer,aodwyer2f@amazon.co.uk,Male,185.4
89,Alysa,Blundan,ablundan2g@phpbb.com,Female,647.39
90,Lynett,Hellikes,lhellikes2h@amazonaws.com,Female,-873.14
91,Levy,Cochran,lcochran2i@alibaba.com,Male,-252.89
92,Rosanna,Sewley,rsewley2j@opensource.org,Female,-886.22
93,Dollie,Roydon,droydon2k@ucoz.com,Female,350.12
94,Trista,Mannagh,tmannagh2l@wp.com,Female,419.47
95,Durant,Angus,dangus2m@walmart.com,Male,-975.81
96,Godart,Hillborne,ghillborne2n@ebay.com,Male,-80.37
97,Gasper,Pendrey,gpendrey2o@furl.net,Male,637.11
98,Matty,Atton,matton2p@amazon.de,Male,-733.89
99,Clayton,Grayston,cgrayston2q@mediafire.com,Male,987.12
100,Yolane,Vercruysse,yvercruysse2r@rambler.ru,Female,-376.47
101,Travus,Avrahamoff,tavrahamoff2s@ihg.com,Male,-929.59
102,Giustina,Calbaithe,gcalbaithe2t@mac.com,Agender,-507.99
103,Dulcy,Kays,dkays2u@independent.co.uk,Female,11.1
104,Conchita,Tankin,ctankin2v@toplist.cz,Female,-173.53
105,Ripley,Lante,rlante2w@w3.org,Male,68.8
106,Darell,Yedall,dyedall2x@ucoz.com,Female,-398.11
107,Yolanda,Kienl,ykienl2y@gizmodo.com,Female,-526.1
108,Selma,Kanwell,skanwell2z@umn.edu,Female,867.83
109,Elinore,Enns,eenns30@google.fr,Female,-895.94
110,Rhianna,Courtier,rcourtier31@nymag.com,Female,-599.29
111,Maxine,Klemmt,mklemmt32@blogs.com,Female,482.2
112,Christyna,Ivey,civey33@cmu.edu,Female,89.84
113,Jolee,Matchett,jmatchett34@samsung.com,Female,179.42
114,Herschel,Cettell,hcettell35@gnu.org,Male,382.34
115,Dehlia,Carncross,dcarncross36@nih.gov,Genderfluid,-746.88
116,Hort,Tunsley,htunsley37@cnn.com,Male,959.99
117,Rogerio,Huggen,rhuggen38@delicious.com,Male,-683.96
118,Vince,Ferraresi,vferraresi39@yellowpages.com,Male,-95.21
119,Derward,Rothchild,drothchild3a@devhub.com,Male,779.67
120,Petronille,Rouke,prouke3b@cbsnews.com,Female,-396.54
121,Chryste,Hindrich,chindrich3c@yellowbook.com,Female,920.44
122,Nev,Shore,nshore3d@bing.com,Male,-573.72
123,Jackson,Glasser,jglasser3e@creativecommons.org,Male,913.21
124,Engelbert,Bakes,ebakes3f@plala.or.jp,Male,-736.16
125,Adrian,Spurrett,aspurrett3g@csmonitor.com,Male,-742.66
126,Jeth,Durnan,jdurnan3h@yolasite.com,Male,-61.22
127,Chiarra,Haversham,chaversham3i@state.tx.us,Female,-855.84
128,Lisette,Macbane,lmacbane3j@sciencedaily.com,Bigender,-3.03
129,Kingsly,D'Emanuele,kdemanuele3k@bigcartel.com,Male,-625.31
130,Delilah,Miskin,dmiskin3l@sohu.com,Agender,-78.66
131,Loren,Hards,lhards3m@sphinn.com,Female,475.59
132,Elnar,Ginity,eginity3n@globo.com,Male,830.59
133,Ebba,Sheward,esheward3o@fastcompany.com,Female,494.46
134,Gerard,Rudall,grudall3p@printfriendly.com,Male,-781.49
135,Samantha,Rzehorz,srzehorz3q@mediafire.com,Female,696.44
136,Robb,Margerrison,rmargerrison3r@g.co,Male,-480.32
137,Nikita,Sperling,nsperling3s@livejournal.com,Male,865.74
138,Ogdan,Schoolfield,oschoolfield3t@hugedomains.com,Male,-791.37
139,Desiri,Errington,derrington3u@sourceforge.net,Female,550.38
140,Jenifer,Fredy,jfredy3v@reference.com,Female,801.1
141,Cammy,Delamar,cdelamar3w@skyrock.com,Female,244.5
142,Waiter,Le Ball,wleball3x@homestead.com,Male,581.39
143,Reese,Bosward,rbosward3y@craigslist.org,Male,203.75
144,Curt,Blindermann,cblindermann3z@nba.com,Male,249.34
145,Phelia,Shellard,pshellard40@moonfruit.com,Female,-383.34
146,Catie,Genders,cgenders41@imgur.com,Female,863.91
147,Joaquin,Codrington,jcodrington42@facebook.com,Male,718.7
148,Gui,Swaby,gswaby43@amazon.com,Female,-543.5
149,Skelly,de Guise,sdeguise44@kickstarter.com,Male,887.31
150,Chandler,Surgison,csurgison45@google.ca,Male,-314.6
151,Cindra,Machans,cmachans46@google.com.hk,Non-binary,-68.91
152,Gwendolin,Reeve,greeve47@123-reg.co.uk,Female,-74.81
153,Darrell,Lawn,dlawn48@chron.com,Male,327.75
154,Brenden,Lucock,blucock49@buzzfeed.com,Male,607.84
155,Ranice,Avrahamov,ravrahamov4a@fc2.com,Female,-784.82
156,Ki,Chater,kchater4b@google.es,Female,438.37
157,Niki,Theobalds,ntheobalds4c@geocities.com,Female,726.12
158,Selma,Copas,scopas4d@jimdo.com,Female,305.1
159,Gilda,Miners,gminers4e@imgur.com,Female,-304.93
160,Rosetta,Byrd,rbyrd4f@shop-pro.jp,Female,-577.53
161,Gayel,Dobby,gdobby4g@ucoz.com,Non-binary,914.46
162,Ivonne,Gregg,igregg4h@linkedin.com,Female,363.22
163,Lucinda,Lyngsted,llyngsted4i@skype.com,Female,-130.41
164,Barbette,Fantham,bfantham4j@accuweather.com,Female,-131.77
165,Aldis,Grant,agrant4k@chron.com,Male,702.38
166,Des,Dowglass,ddowglass4l@huffingtonpost.com,Male,189.68
167,Cheston,Sitwell,csitwell4m@sphinn.com,Bigender,682.74
168,Astrix,De Cleen,adecleen4n@ycombinator.com,Female,-646.91
169,Geoffry,Lipman,glipman4o@tinyurl.com,Male,218.28
170,Mildred,Pinckney,mpinckney4p@quantcast.com,Female,-909.94
171,Aurilia,Cockhill,acockhill4q@archive.org,Female,572.14
172,Armand,Basezzi,abasezzi4r@canalblog.com,Male,-589.34
173,Agace,Tiffney,atiffney4s@ameblo.jp,Female,-645.74
174,Mirabella,Worsfold,mworsfold4t@kickstarter.com,Female,522.05
175,Mervin,Muggleston,mmuggleston4u@sogou.com,Male,429.97
176,Eziechiele,Andreasen,eandreasen4v@nsw.gov.au,Male,125.0
177,Quintana,Fielders,qfielders4w@zdnet.com,Female,-432.11
178,Leta,Baggelley,lbaggelley4x@biblegateway.com,Polygender,604.25
179,Carmon,Dinning,cdinning4y@netlog.com,Female,689.2
180,Letty,Spellessy,lspellessy4z@yandex.ru,Female,932.87
181,Hort,Fulleylove,hfulleylove50@weather.com,Male,-462.5
182,Kathryne,Kuschel,kkuschel51@flavors.me,Female,-434.79
183,Monte,Lanchberry,mlanchberry52@wordpress.org,Male,325.95
184,Garrik,Boulder,gboulder53@samsung.com,Male,-839.41
185,Hilton,Halligan,hhalligan54@naver.com,Male,794.38
186,Baryram,Prowse,bprowse55@slideshare.net,Male,-682.27
187,Yolanthe,McCudden,ymccudden56@scientificamerican.com,Female,343.58
188,Clementine,Chasemore,cchasemore57@shareasale.com,Female,13.15
189,Sheffield,Dallimare,sdallimare58@newyorker.com,Male,483.67
190,Winifield,Wykes,wwykes59@opensource.org,Male,-713.48
191,Aurlie,Lanaway,alanaway5a@cocolog-nifty.com,Female,387.89
192,Rosalind,Featherby,rfeatherby5b@wiley.com,Female,-697.84
193,Carmine,Mayes,cmayes5c@hibu.com,Female,-149.08
194,Flemming,Taynton,ftaynton5d@fotki.com,Male,673.05
195,Boot,Rupert,brupert5e@upenn.edu,Male,273.38
196,Geordie,Merriment,gmerriment5f@mlb.com,Male,-675.8
197,Galvin,Woolveridge,gwoolveridge5g@barnesandnoble.com,Male,-220.69
198,Hal,Alessandretti,halessandretti5h@patch.com,Male,-266.54
199,Maxie,Quartermain,mquartermain5i@springer.com,Female,-640.2
200,Alisun,Stoad,astoad5j@vk.com,Female,-126.71
201,Louis,Clausewitz,lclausewitz5k@creativecommons.org,Male,436.02
202,Sam,Boater,sboater5l@furl.net,Male,155.19
203,Stephi,Entwhistle,sentwhistle5m@hud.gov,Female,696.79
204,Emmi,Beckhurst,ebeckhurst5n@theguardian.com,Female,-729.75
205,Derby,Croshaw,dcroshaw5o@timesonline.co.uk,Male,-816.92
206,Geordie,Jorissen,gjorissen5p@vinaora.com,Male,223.95
207,Raffaello,Singh,rsingh5q@wordpress.com,Male,937.07
208,Booth,Curee,bcuree5r@free.fr,Male,731.97
209,Tricia,Guisby,tguisby5s@geocities.jp,Female,-129.74
210,Kimberli,McDermid,kmcdermid5t@twitter.com,Female,-575.8
211,Terrell,Le Prevost,tleprevost5u@loc.gov,Male,-744.25
212,Antonina,Derye-Barrett,aderyebarrett5v@cbsnews.com,Female,109.84
213,Lavina,Menault,lmenault5w@opensource.org,Female,-243.88
214,Jenny,Delgado,jdelgado5x@forbes.com,Female,977.15
215,Joell,McGahern,jmcgahern5y@prnewswire.com,Female,912.9
216,Hildagard,Cockley,hcockley5z@wordpress.org,Female,-623.52
217,Iggy,Branney,ibranney60@nasa.gov,Male,-344.26
218,Dena,Fort,dfort61@pbs.org,Female,-844.49
219,Brinna,Summerton,bsummerton62@businesswire.com,Female,617.36
220,Marijn,Rickertsen,mrickertsen63@yelp.com,Male,-291.41
221,Roxanne,Grim,rgrim64@soundcloud.com,Non-binary,-10.69
222,Damiano,Simper,dsimper65@cbslocal.com,Male,-836.44
223,Loren,Grouen,lgrouen66@aol.com,Bigender,403.59
224,Marjory,Draijer,mdraijer67@cnn.com,Female,774.43
225,Sherman,McNutt,smcnutt68@dot.gov,Male,320.38
226,Pierce,Jedras,pjedras69@sphinn.com,Genderqueer,-656.32
227,Audra,Chuney,achuney6a@deliciousdays.com,Female,202.79
228,Rooney,Birrel,rbirrel6b@reference.com,Male,-446.19
229,Rani,Dallicoat,rdallicoat6c@usa.gov,Female,66.5
230,Marcus,Batteson,mbatteson6d@webmd.com,Male,-579.4
231,Agata,Bellocht,abellocht6e@techcrunch.com,Female,-557.35
232,Beatrisa,Heasman,bheasman6f@imgur.com,Female,303.28
233,Elias,Crich,ecrich6g@joomla.org,Male,-587.61
234,Flossi,Grady,fgrady6h@macromedia.com,Female,-251.36
235,Kati,Scudamore,kscudamore6i@yelp.com,Female,836.04
236,Selina,Retallack,sretallack6j@unesco.org,Female,-289.39
237,Jareb,Sykes,jsykes6k@goodreads.com,Male,896.25
238,Bree,Emmanuel,bemmanuel6l@redcross.org,Female,592.68
239,Jessee,Kitter,jkitter6m@oaic.gov.au,Male,-837.72
240,Langsdon,Woolward,lwoolward6n@senate.gov,Male,860.66
241,Olly,Maly,omaly6o@ovh.net,Male,-979.42
242,Delphinia,Radsdale,dradsdale6p@ameblo.jp,Female,444.21
243,Borden,Dalgliesh,bdalgliesh6q@edublogs.org,Male,-190.59
244,Dolley,Willavoys,dwillavoys6r@cyberchimps.com,Female,650.44
245,Gabbi,Brigden,gbrigden6s@shareasale.com,Female,706.06
246,Brad,Goymer,bgoymer6t@mysql.com,Male,-580.59
247,Portie,Krol,pkrol6u@berkeley.edu,Male,401.12
248,Alana,Byrch,abyrch6v@lulu.com,Female,-461.26
249,Adah,Simoncello,asimoncello6w@google.com.hk,Female,-995.11
250,Venita,Lamborne,vlamborne6x@goo.gl,Female,47.66
251,Hasty,Robeson,hrobeson6y@japanpost.jp,Male,-207.09
252,Raf,Seargeant,rseargeant6z@mysql.com,Female,614.57
253,Elisha,Swaffer,eswaffer70@cnbc.com,Male,-45.11
254,Vic,Ettritch,vettritch71@unesco.org,Male,-963.67
255,Gloriane,Huskisson,ghuskisson72@nih.gov,Genderqueer,943.37
256,Sherwood,Macon,smacon73@wsj.com,Male,168.95
257,Nikolaos,Bisiker,nbisiker74@unblog.fr,Male,-559.72
258,Rona,Gorring,rgorring75@edublogs.org,Female,70.27
259,Damian,Andrys,dandrys76@admin.ch,Male,854.65
260,Elene,Senter,esenter77@shareasale.com,Female,-881.47
261,Lindsey,Eddis,leddis78@macromedia.com,Male,290.69
262,Camile,Acom,cacom79@auda.org.au,Female,-237.14
263,Gwenette,Gadaud,ggadaud7a@ifeng.com,Female,-27.03
264,Virgilio,Hasell,vhasell7b@engadget.com,Male,961.12
265,Ximenez,Aristide,xaristide7c@liveinternet.ru,Male,251.73
266,Emmerich,Janse,ejanse7d@google.com.au,Agender,9.05
267,Preston,Condit,pcondit7e@jimdo.com,Male,-684.88
268,Shepperd,Skyrme,sskyrme7f@scientificamerican.com,Male,-591.76
269,Saba,Mumm,smumm7g@wired.com,Female,-115.78
270,Glori,Geyton,ggeyton7h@goodreads.com,Non-binary,-496.64
271,Waylen,Ganforth,wganforth7i@bandcamp.com,Male,-402.38
272,Erin,Sturror,esturror7j@istockphoto.com,Bigender,-894.99
273,Ephraim,Amies,eamies7k@wordpress.org,Male,231.59
274,Daven,Maylard,dmaylard7l@livejournal.com,Male,-695.74
275,Maybelle,Wetherill,mwetherill7m@twitter.com,Female,-930.94
276,Gloriane,Sommerlie,gsommerlie7n@indiatimes.com,Female,118.97
277,Ree,Glenister,rglenister7o@ftc.gov,Female,-750.36
278,Stefanie,Hansana,shansana7p@parallels.com,Female,117.02
279,Federica,Noton,fnoton7q@rediff.com,Agender,-663.42
280,Brynne,Duffyn,bduffyn7r@paginegialle.it,Female,-165.79
281,Kerry,Holbury,kholbury7s@pbs.org,Male,-669.65
282,Brendis,Mellon,bmellon7t@tinypic.com,Male,718.47
283,Oralia,Mosdill,omosdill7u@answers.com,Female,484.09
284,Jack,Schoffel,jschoffel7v@globo.com,Male,233.03
285,Norine,Matias,nmatias7w@alexa.com,Female,-826.77
286,Quinn,Allom,qallom7x@aol.com,Female,542.21
287,Malissia,Jakubowsky,mjakubowsky7y@51.la,Female,-19.81
288,Rogerio,Amberger,ramberger7z@mediafire.com,Male,405.11
289,Dorri,McCreadie,dmccreadie80@upenn.edu,Bigender,202.77
290,Nicky,Death,ndeath81@aol.com,Polygender,610.34
291,Shena,Mainwaring,smainwaring82@1688.com,Female,643.38
292,Cleopatra,MacAvaddy,cmacavaddy83@biblegateway.com,Female,940.95
293,Vivienne,Drew-Clifton,vdrewclifton84@furl.net,Female,-423.42
294,Davie,Elkin,delkin85@mayoclinic.com,Male,-272.21
295,Flem,Carlill,fcarlill86@furl.net,Male,-651.66
296,Julio,Jayes,jjayes87@va.gov,Male,-746.26
297,Shaine,Graysmark,sgraysmark88@loc.gov,Male,-723.45
298,Hersh,Thorp,hthorp89@purevolume.com,Male,-788.46
299,Worth,Empleton,wempleton8a@deviantart.com,Male,-451.62
300,Carmen,Erangey,cerangey8b@ustream.tv,Female,-763.09
301,Conan,Olman,colman8c@cargocollective.com,Male,-400.93
302,Gallard,Pinar,gpinar8d@woothemes.com,Male,267.62
303,Skye,Baty,sbaty8e@japanpost.jp,Male,512.79
304,Helen-elizabeth,Baylay,hbaylay8f@google.com.hk,Agender,403.32
305,Brett,Lackinton,blackinton8g@tinyurl.com,Male,-127.9
306,Garth,Larose,glarose8h@telegraph.co.uk,Male,-319.98
307,Crysta,Withur,cwithur8i@bloglines.com,Female,-823.36
308,Dane,Francescuzzi,dfrancescuzzi8j@geocities.jp,Male,716.37
309,Haleigh,Calderhead,hcalderhead8k@kickstarter.com,Female,790.01
310,Venita,Berre,vberre8l@harvard.edu,Female,380.67
311,Jerrylee,MacCaughan,jmaccaughan8m@tiny.cc,Female,884.11
312,Niki,Whight,nwhight8n@youtube.com,Female,-460.16
313,Karena,Pessel,kpessel8o@usnews.com,Polygender,-576.21
314,Mata,Souten,msouten8p@chicagotribune.com,Genderqueer,-964.73
315,Leonanie,Treadgall,ltreadgall8q@apache.org,Female,119.69
316,Andriana,Colhoun,acolhoun8r@sakura.ne.jp,Female,118.48
317,Jesselyn,Wield,jwield8s@google.com.au,Non-binary,365.19
318,Anna-maria,Easton,aeaston8t@amazonaws.com,Female,791.54
319,Kienan,Greetham,kgreetham8u@devhub.com,Male,-355.89
320,Conrado,Seagar,cseagar8v@msn.com,Male,-45.82
321,Chev,McPartling,cmcpartling8w@addthis.com,Male,-367.53
322,Berty,Merriton,bmerriton8x@cloudflare.com,Female,49.09
323,Rutter,Thies,rthies8y@google.co.uk,Male,-91.43
324,Vinny,Royston,vroyston8z@youtube.com,Male,433.69
325,Darill,Magenny,dmagenny90@google.cn,Male,892.62
326,Gerick,Hackelton,ghackelton91@dmoz.org,Male,-108.32
327,Sileas,Gethings,sgethings92@etsy.com,Female,656.06
328,Clyve,Dassindale,cdassindale93@technorati.com,Male,-832.6
329,Fanny,Rodgman,frodgman94@github.com,Agender,593.86
330,Glenna,Emerson,gemerson95@blinklist.com,Female,-172.32
331,Ax,Wadie,awadie96@tinyurl.com,Male,-277.92
332,Marice,Freeborne,mfreeborne97@bbc.co.uk,Female,-9.88
333,Lennie,Butters,lbutters98@google.it,Non-binary,-116.86
334,Ambrosio,Hylton,ahylton99@google.es,Male,-531.34
335,Kriste,Lapley,klapley9a@seesaa.net,Female,626.39
336,Guenna,Hessing,ghessing9b@tiny.cc,Female,886.41
337,Anita,Joynt,ajoynt9c@ask.com,Female,941.77
338,Emogene,Rame,erame9d@nasa.gov,Female,-650.88
339,Agathe,Jerrolt,ajerrolt9e@homestead.com,Female,-412.3
340,Zelma,Ridd,zridd9f@salon.com,Female,646.99
341,Leah,Kroon,lkroon9g@elpais.com,Female,793.05
342,Tallia,Heisham,theisham9h@comsenz.com,Bigender,-440.13
343,Jared,Collins,jcollins9i@sphinn.com,Male,730.28
344,Keven,Duplan,kduplan9j@behance.net,Non-binary,734.79
345,Poppy,Skydall,pskydall9k@slashdot.org,Female,-789.79
346,Philip,David,pdavid9l@unicef.org,Male,-236.7
347,Fergus,Crennell,fcrennell9m@bigcartel.com,Male,-773.0
348,Virginie,Stainer,vstainer9n@google.com.br,Female,-546.51
349,Jeremy,Spurrett,jspurrett9o@smugmug.com,Male,-868.63
350,Burl,Stratten,bstratten9p@hud.gov,Male,-110.62
351,Reba,Pickford,rpickford9q@ning.com,Female,-859.37
352,Hendrika,Carlile,hcarlile9r@spiegel.de,Female,-227.81
353,Shawn,Shackel,sshackel9s@discuz.net,Female,-331.04
354,Kimmy,Child,kchild9t@berkeley.edu,Female,-213.65
355,Nickie,Cato,ncato9u@newsvine.com,Female,-386.52
356,Cully,Cramp,ccramp9v@howstuffworks.com,Male,-525.73
357,Allard,Wilkie,awilkie9w@sina.com.cn,Male,489.51
358,Garvin,Pittwood,gpittwood9x@businessweek.com,Male,-276.38
359,Hayden,Janaszkiewicz,hjanaszkiewicz9y@yelp.com,Male,-624.9
360,Court,Frenzl,cfrenzl9z@chron.com,Male,-300.6
361,Phyllis,MacTavish,pmactavisha0@istockphoto.com,Female,-246.95
362,Solly,Peinke,speinkea1@shutterfly.com,Male,676.46
363,Smitty,Ebbles,sebblesa2@g.co,Polygender,-379.89
364,Arlinda,Wakeman,awakemana3@tripod.com,Female,-251.21
365,Mellisent,Kilmartin,mkilmartina4@slideshare.net,Female,-563.45
366,Flore,Knappett,fknappetta5@xinhuanet.com,Female,509.82
367,Marshall,Feldmann,mfeldmanna6@hubpages.com,Polygender,-194.07
368,Dolli,Sheardown,dsheardowna7@shutterfly.com,Female,-839.4
369,Edlin,Brasner,ebrasnera8@sfgate.com,Male,-624.84
370,Jillene,Goozee,jgoozeea9@auda.org.au,Female,3.95
371,Kristoffer,Abrahamsen,kabrahamsenaa@aboutads.info,Male,-574.76
372,Sibelle,Tawn,stawnab@hud.gov,Female,855.38
373,Moe,Artus,martusac@sina.com.cn,Male,-320.6
374,Ewell,Hawkeridge,ehawkeridgead@npr.org,Male,-735.31
375,Ramon,Anselmi,ranselmiae@drupal.org,Male,555.71
376,Mylo,Climie,mclimieaf@cbslocal.com,Male,194.01
377,Hillel,Care,hcareag@prweb.com,Genderqueer,-158.97
378,Joanna,Lanning,jlanningah@wikispaces.com,Female,394.01
379,Talia,Bielfeldt,tbielfeldtai@php.net,Female,434.93
380,Cathie,Craft,ccraftaj@live.com,Female,-585.7
381,Cori,Wisby,cwisbyak@godaddy.com,Polygender,-843.51
382,Bruce,Casier,bcasieral@mail.ru,Male,185.17
383,Florida,Santer,fsanteram@sakura.ne.jp,Genderqueer,548.12
384,Kendell,Rosbottom,krosbottoman@telegraph.co.uk,Male,838.74
385,Domenico,Thurling,dthurlingao@domainmarket.com,Male,558.94
386,Melodie,Balaisot,mbalaisotap@biblegateway.com,Polygender,70.62
387,Brenda,Vero,bveroaq@columbia.edu,Female,361.31
388,Artur,Eva,aevaar@pcworld.com,Male,359.12
389,Aindrea,Snyder,asnyderas@amazon.com,Female,106.17
390,Seth,Barthorpe,sbarthorpeat@google.co.jp,Polygender,355.06
391,Oralia,Simecek,osimecekau@businesswire.com,Female,90.21
392,Sharyl,Podbury,spodburyav@geocities.jp,Female,698.1
393,Karrah,Ithell,kithellaw@friendfeed.com,Agender,-851.91
394,Malissa,Lutz,mlutzax@weather.com,Female,857.6
395,Tyrus,Mahmood,tmahmooday@miitbeian.gov.cn,Male,545.78
396,Modesta,Blunderfield,mblunderfieldaz@google.com,Female,-901.29
397,Gael,Joist,gjoistb0@theglobeandmail.com,Male,639.0
398,Allen,Perott,aperottb1@techcrunch.com,Male,-138.31
399,Jason,Libbe,jlibbeb2@census.gov,Male,632.04
400,Clemens,Eaves,ceavesb3@bbc.co.uk,Male,-910.6
401,Bernardine,Jeffries,bjeffriesb4@aboutads.info,Female,935.03
402,Wesley,Olligan,wolliganb5@google.fr,Male,561.89
403,Maxi,Erskine,merskineb6@eventbrite.com,Female,-925.54
404,Gusty,Sisse,gsisseb7@over-blog.com,Non-binary,792.25
405,Alistair,Barff,abarffb8@aboutads.info,Male,-837.39
406,Inglis,Medling,imedlingb9@redcross.org,Bigender,-237.63
407,Ingelbert,Derl,iderlba@nps.gov,Male,522.98
408,Thurstan,Duxbury,tduxburybb@time.com,Male,995.01
409,Rhody,McQuilliam,rmcquilliambc@theatlantic.com,Female,-73.56
410,Reinhold,Holburn,rholburnbd@example.com,Male,760.37
411,Hasheem,Kippie,hkippiebe@businesswire.com,Male,234.77
412,Ev,Runge,erungebf@marketwatch.com,Male,232.68
413,Uta,Scandred,uscandredbg@pen.io,Female,-514.81
414,Bronny,Napolione,bnapolionebh@theatlantic.com,Male,227.16
415,Aldo,Collishaw,acollishawbi@meetup.com,Male,-914.22
416,Genovera,Assender,gassenderbj@gmpg.org,Female,-738.31
417,Korney,Woolf,kwoolfbk@yellowbook.com,Agender,501.53
418,Sybila,Jancey,sjanceybl@mayoclinic.com,Female,655.68
419,Joyous,Dorney,jdorneybm@cloudflare.com,Female,449.28
420,Roanna,Voas,rvoasbn@unicef.org,Female,93.78
421,Sebastiano,Westell,swestellbo@goo.gl,Male,-752.94
422,Archy,Vosse,avossebp@admin.ch,Male,252.36
423,Timotheus,Tamblyn,ttamblynbq@rakuten.co.jp,Male,-672.06
424,Hewett,Tomson,htomsonbr@lycos.com,Male,-106.7
425,Harmon,Woolmore,hwoolmorebs@soup.io,Male,-861.63
426,Melisandra,Ricardou,mricardoubt@statcounter.com,Female,923.46
427,Ranna,De Zuani,rdezuanibu@boston.com,Female,986.42
428,Caritta,de la Valette Parisot,cdelavaletteparisotbv@ucoz.com,Female,-118.74
429,Arabele,Despenser,adespenserbw@ning.com,Female,950.0
430,Karry,Mansell,kmansellbx@wp.com,Female,-587.76
431,Chelsy,Falkingham,cfalkinghamby@yellowpages.com,Female,-83.84
432,Christine,Burroughes,cburroughesbz@chronoengine.com,Female,-827.31
433,Jemimah,Dishmon,jdishmonc0@skyrock.com,Female,567.96
434,Bennie,Billows,bbillowsc1@statcounter.com,Female,819.23
435,Leonardo,Lydford,llydfordc2@dyndns.org,Male,-436.12
436,Arlee,Ballefant,aballefantc3@prlog.org,Agender,412.29
437,Valentina,Riccardi,vriccardic4@reuters.com,Female,510.09
438,Missy,O'Suaird,mosuairdc5@123-reg.co.uk,Female,-538.34
439,Manya,Charer,mcharerc6@ameblo.jp,Female,-887.98
440,Tomas,Jurges,tjurgesc7@npr.org,Male,-1.14
441,Janka,Mueller,jmuellerc8@walmart.com,Female,475.18
442,Alexandre,Petkovic,apetkovicc9@dmoz.org,Agender,165.96
443,Viv,Boays,vboaysca@addtoany.com,Female,459.23
444,Vinnie,Wiskar,vwiskarcb@aboutads.info,Male,372.03
445,Neala,Jans,njanscc@4shared.com,Female,198.29
446,Aeriel,Nathan,anathancd@wix.com,Female,-533.06
447,Darbee,Fairy,dfairyce@facebook.com,Male,852.74
448,Thelma,Brunone,tbrunonecf@fotki.com,Female,443.78
449,Stephanus,Ashfield,sashfieldcg@fc2.com,Male,-21.27
450,Kalle,Adamiec,kadamiecch@yelp.com,Male,-639.9
451,Marjorie,Blakebrough,mblakebroughci@delicious.com,Female,879.67
452,Filbert,Jolly,fjollycj@posterous.com,Male,-280.45
453,Norrie,Pinn,npinnck@slate.com,Female,-700.44
454,Lucienne,Drescher,ldreschercl@va.gov,Female,-680.61
455,Kalindi,Di Biagi,kdibiagicm@qq.com,Female,280.64
456,Tobey,Loadwick,tloadwickcn@cnn.com,Female,-660.2
457,Adler,Walentynowicz,awalentynowiczco@fastcompany.com,Male,899.68
458,Hildy,Croneen,hcroneencp@smh.com.au,Female,-21.94
459,Delmer,Assante,dassantecq@yahoo.com,Male,-934.01
460,Dannye,Farrow,dfarrowcr@1688.com,Female,710.88
461,Denny,Hasard,dhasardcs@economist.com,Male,-630.37
462,Adel,Skayman,askaymanct@biblegateway.com,Female,221.67
463,Beale,Mathevet,bmathevetcu@github.io,Male,-370.39
464,Tyrone,Huxton,thuxtoncv@alexa.com,Male,934.8
465,Concettina,Schwieso,cschwiesocw@microsoft.com,Female,584.05
466,Urbanus,Sandall,usandallcx@hibu.com,Male,-414.13
467,Susana,Cheeke,scheekecy@webs.com,Female,647.62
468,Kaila,Gladwish,kgladwishcz@mlb.com,Female,861.23
469,Hertha,Comusso,hcomussod0@sciencedirect.com,Female,-315.45
470,Elly,Haresnape,eharesnaped1@cdbaby.com,Female,244.05
471,Maurie,Ferbrache,mferbrached2@merriam-webster.com,Male,-149.01
472,Melisent,Shrubsall,mshrubsalld3@kickstarter.com,Female,874.28
473,Benedick,Grunbaum,bgrunbaumd4@acquirethisname.com,Male,-83.78
474,Drew,Duffil,dduffild5@nationalgeographic.com,Male,-829.74
475,Kassia,Fishley,kfishleyd6@nature.com,Female,94.15
476,Valli,Stait,vstaitd7@smugmug.com,Genderqueer,-807.18
477,Arnuad,Kleinfeld,akleinfeldd8@irs.gov,Male,638.07
478,Catlaina,McCard,cmccardd9@ustream.tv,Female,424.18
479,Elise,Yakubov,eyakubovda@etsy.com,Female,581.31
480,Gardie,D'Alesio,gdalesiodb@gizmodo.com,Male,-159.34
481,Melisenda,Beardmore,mbeardmoredc@soundcloud.com,Female,-526.25
482,Margalo,Curphey,mcurpheydd@google.nl,Female,625.97
483,Archy,Stockport,astockportde@quantcast.com,Male,-315.54
484,Hart,McIllroy,hmcillroydf@nba.com,Male,755.41
485,Corrina,Lawee,claweedg@wikispaces.com,Female,476.93
486,Brianna,Caunce,bcauncedh@fastcompany.com,Female,191.65
487,Garret,Aggs,gaggsdi@archive.org,Male,817.76
488,Jayne,Dartnell,jdartnelldj@wsj.com,Female,-806.95
489,Godfree,Mughal,gmughaldk@archive.org,Male,-174.41
490,Lesly,Feighry,lfeighrydl@intel.com,Female,780.1
491,Zonnya,Sandcraft,zsandcraftdm@last.fm,Female,596.74
492,Germaine,Hulstrom,ghulstromdn@digg.com,Bigender,584.87
493,Jane,Pitkeathley,jpitkeathleydo@mapy.cz,Female,-86.52
494,Marchall,Gozney,mgozneydp@cnn.com,Male,688.14
495,Sashenka,Elloit,selloitdq@nytimes.com,Bigender,901.41
496,Harold,Stanett,hstanettdr@istockphoto.com,Male,-596.29
497,Darill,Phillimore,dphillimoreds@walmart.com,Male,-610.01
498,Claire,Ibbett,cibbettdt@psu.edu,Male,176.92
499,Chalmers,Allsup,callsupdu@foxnews.com,Male,778.92
500,Bekki,Linggood,blinggooddv@histats.com,Female,804.49
501,Tedda,Consterdine,tconsterdinedw@home.pl,Female,-467.38
502,Antonius,Barnshaw,abarnshawdx@canalblog.com,Male,23.11
503,Trace,Karpe,tkarpedy@instagram.com,Male,-618.17
504,Hoebart,Lequeux,hlequeuxdz@cisco.com,Male,-883.13
505,Gabby,Fawcus,gfawcuse0@hhs.gov,Male,-876.45
506,Huberto,Bettis,hbettise1@wordpress.org,Male,-500.14
507,Valerye,Bache,vbachee2@simplemachines.org,Female,99.92
508,Louis,Fowell,lfowelle3@printfriendly.com,Male,44.55
509,Piper,Tedorenko,ptedorenkoe4@bing.com,Female,-138.92
510,Paxon,Peers,ppeerse5@ted.com,Male,-720.52
511,Odelle,Dudny,odudnye6@about.com,Female,753.41
512,Sapphira,Bilovsky,sbilovskye7@cocolog-nifty.com,Female,-394.72
513,Farlee,Bulfield,fbulfielde8@gravatar.com,Male,-43.64
514,Lesly,Hatherall,lhatheralle9@creativecommons.org,Female,66.91
515,Alvera,Coniam,aconiamea@blog.com,Female,617.53
516,Kevina,Cheetham,kcheethameb@dagondesign.com,Female,-771.61
517,Callean,Lavall,clavallec@kickstarter.com,Male,687.57
518,Jeanette,Androsik,jandrosiked@issuu.com,Female,695.0
519,Mirabel,Delacourt,mdelacourtee@samsung.com,Non-binary,692.52
520,Rebe,Spilsburie,rspilsburieef@stanford.edu,Female,180.83
521,Tuckie,Kevane,tkevaneeg@instagram.com,Male,860.4
522,Cathy,Killelay,ckillelayeh@blogspot.com,Female,-135.79
523,Thayne,Cockrem,tcockremei@1und1.de,Male,829.69
524,Agace,Niblett,aniblettej@wikimedia.org,Genderqueer,759.04
525,Happy,Pierson,hpiersonek@cnn.com,Female,656.14
526,Ashlin,Dearlove,adearloveel@hao123.com,Male,786.3
527,Ethe,Deveril,edeverilem@barnesandnoble.com,Male,-944.64
528,Fredelia,Anand,fananden@admin.ch,Female,-589.72
529,Jessalin,Beazey,jbeazeyeo@noaa.gov,Polygender,-140.6
530,Mandy,Ancliffe,mancliffeep@soup.io,Female,620.37
531,Ermin,Scoggan,escogganeq@slate.com,Male,-411.95
532,Katherina,Hawtry,khawtryer@redcross.org,Female,-432.18
533,Marshall,Peltz,mpeltzes@canalblog.com,Male,-876.97
534,Basil,Airton,bairtonet@wufoo.com,Male,366.38
535,Erda,Smorthit,esmorthiteu@yolasite.com,Female,340.24
536,Barbra,Lidington,blidingtonev@businessinsider.com,Female,195.73
537,Verla,Godrich,vgodrichew@ycombinator.com,Non-binary,889.56
538,Raff,Johnikin,rjohnikinex@slate.com,Male,-214.4
539,Eba,Pyrah,epyrahey@senate.gov,Female,-155.94
540,Mirilla,Ithell,mithellez@moonfruit.com,Female,-825.14
541,Alyssa,Asser,aasserf0@dell.com,Female,112.86
542,Dodi,Keslake,dkeslakef1@fotki.com,Female,589.84
543,Rodolph,Jablonski,rjablonskif2@t.co,Male,-984.96
544,Augustine,Winder,awinderf3@japanpost.jp,Female,832.28
545,Paul,O' Bee,pobeef4@ibm.com,Male,-615.68
546,Pennie,Skoggings,pskoggingsf5@smh.com.au,Male,506.1
547,Norine,Iacoviello,niacoviellof6@umn.edu,Female,-442.84
548,Kerstin,Rottenbury,krottenburyf7@ox.ac.uk,Genderqueer,-169.3
549,Bogart,Laydel,blaydelf8@berkeley.edu,Male,-47.16
550,Davidson,Godber,dgodberf9@wikipedia.org,Male,-60.09
551,Lyon,Leyband,lleybandfa@woothemes.com,Male,81.78
552,Mic,Valde,mvaldefb@addthis.com,Male,-53.14
553,Veda,McGirr,vmcgirrfc@businessweek.com,Female,779.65
554,Ely,Aneley,eaneleyfd@google.fr,Male,123.31
555,Shurwood,Winfindale,swinfindalefe@intel.com,Male,-975.41
556,Nona,Kitcherside,nkitchersideff@deliciousdays.com,Female,77.97
557,Karoly,Breese,kbreesefg@yelp.com,Male,-590.99
558,Jacquette,Sergison,jsergisonfh@statcounter.com,Female,-218.28
559,Gottfried,Goforth,ggoforthfi@twitter.com,Male,-383.7
560,Nelson,Antonognoli,nantonognolifj@moonfruit.com,Male,-161.4
561,Rozele,Oakwell,roakwellfk@people.com.cn,Polygender,-545.13
562,Valli,Goman,vgomanfl@360.cn,Female,-723.22
563,Susanna,Tinkler,stinklerfm@rediff.com,Female,-509.3
564,Catlin,Weben,cwebenfn@howstuffworks.com,Female,504.45
565,Everett,Cowwell,ecowwellfo@unicef.org,Male,-984.62
566,Gerick,Combes,gcombesfp@state.gov,Bigender,-419.02
567,Udall,Hoggan,uhogganfq@about.me,Agender,748.15
568,Kienan,Husselbee,khusselbeefr@example.com,Male,-279.96
569,Levey,Conahy,lconahyfs@dell.com,Male,-693.84
570,Asher,Spall,aspallft@quantcast.com,Male,177.12
571,Trish,Spillard,tspillardfu@addtoany.com,Female,417.98
572,Sumner,Sword,sswordfv@accuweather.com,Male,498.12
573,Keary,Beahan,kbeahanfw@google.de,Agender,383.24
574,Loren,Robbeke,lrobbekefx@wired.com,Male,259.28
575,Herculie,Marquess,hmarquessfy@time.com,Male,-953.65
576,Orelie,Goeff,ogoefffz@cbc.ca,Genderqueer,-539.52
577,Lorne,Fruen,lfrueng0@comcast.net,Female,792.69
578,Shandeigh,Trout,stroutg1@census.gov,Female,-528.13
579,Devinne,Redwin,dredwing2@360.cn,Female,493.31
580,Carma,Hickinbottom,chickinbottomg3@wikimedia.org,Female,-705.72
581,Bill,Sandbatch,bsandbatchg4@guardian.co.uk,Male,-511.34
582,Giffard,Saill,gsaillg5@histats.com,Male,-801.7
583,Kerwinn,Beevis,kbeevisg6@wsj.com,Male,-925.13
584,Shepherd,Saiens,ssaiensg7@prnewswire.com,Male,749.6
585,Analiese,Gozney,agozneyg8@devhub.com,Female,-395.93
586,Allistir,Stairmond,astairmondg9@123-reg.co.uk,Male,287.45
587,Ricoriki,Tuckett,rtuckettga@mit.edu,Non-binary,-466.66
588,Sheffie,Stobbe,sstobbegb@twitter.com,Male,-505.38
589,Marv,Garnar,mgarnargc@java.com,Male,793.17
590,Mella,Scullard,mscullardgd@theglobeandmail.com,Female,969.44
591,Sharai,Varga,svargage@independent.co.uk,Female,847.09
592,Stanfield,Dyerson,sdyersongf@gnu.org,Male,-738.18
593,Agnella,Mantripp,amantrippgg@uol.com.br,Female,175.28
594,Niven,Iannuzzelli,niannuzzelligh@1und1.de,Male,-493.6
595,Mari,Ticic,mticicgi@w3.org,Female,413.44
596,Ludovika,Siddele,lsiddelegj@businesswire.com,Agender,-415.05
597,Jocko,Onyon,jonyongk@altervista.org,Male,-663.66
598,Tristam,Stitch,tstitchgl@amazon.de,Male,61.49
599,Tore,Arstingall,tarstingallgm@usda.gov,Bigender,-507.12
600,Jeniffer,Gayden,jgaydengn@nsw.gov.au,Female,-913.14
601,Tiler,Aish,taishgo@360.cn,Male,-21.96
602,Ab,Aberhart,aaberhartgp@technorati.com,Male,-999.12
603,Olenka,Sedgebeer,osedgebeergq@exblog.jp,Female,-529.61
604,Gussy,Svanini,gsvaninigr@hp.com,Female,667.26
605,Ettore,Leathem,eleathemgs@un.org,Male,286.79
606,Ulla,Coverly,ucoverlygt@skype.com,Female,-315.36
607,Nevsa,Gawkes,ngawkesgu@macromedia.com,Female,-443.77
608,Coralie,Crayke,ccraykegv@chicagotribune.com,Female,-963.85
609,Dalston,Abramov,dabramovgw@ft.com,Male,571.76
610,Dionis,Tilio,dtiliogx@washington.edu,Non-binary,-226.49
611,Verna,Pavie,vpaviegy@google.it,Female,843.24
612,Ronda,Lampart,rlampartgz@time.com,Female,126.49
613,Stu,Gres,sgresh0@vistaprint.com,Polygender,-146.21
614,Haroun,Redolfi,hredolfih1@princeton.edu,Male,675.71
615,Merle,Olrenshaw,molrenshawh2@umich.edu,Male,-680.13
616,Corena,Abernethy,cabernethyh3@usatoday.com,Female,348.28
617,Conni,Morffew,cmorffewh4@mozilla.com,Female,-317.42
618,Pavia,Parkman,pparkmanh5@apache.org,Female,316.7
619,Luce,Arnott,larnotth6@com.com,Male,-121.46
620,Shandeigh,Truce,struceh7@usgs.gov,Female,-584.7
621,Bastian,Braunlein,bbraunleinh8@google.it,Genderqueer,-123.4
622,Irene,Tuff,ituffh9@noaa.gov,Female,-190.98
623,Phillipe,Tanswell,ptanswellha@slashdot.org,Male,105.38
624,Alick,Dendon,adendonhb@berkeley.edu,Male,103.61
625,Anjela,Chadderton,achaddertonhc@sakura.ne.jp,Female,-640.36
626,Elliot,Wolfenden,ewolfendenhd@accuweather.com,Male,-738.83
627,Bertram,Barnsdall,bbarnsdallhe@europa.eu,Genderqueer,213.71
628,Farrell,Bagger,fbaggerhf@cbsnews.com,Male,632.16
629,Keelia,Morston,kmorstonhg@youtube.com,Female,-582.15
630,Anabal,Brabham,abrabhamhh@mac.com,Female,858.97
631,Whitaker,Kirdsch,wkirdschhi@paginegialle.it,Male,-664.15
632,Kerwin,Smythin,ksmythinhj@is.gd,Male,906.66
633,Augustine,Pic,apichk@google.cn,Male,701.72
634,Tremain,Maltman,tmaltmanhl@skyrock.com,Male,-510.26
635,Chaim,Wraith,cwraithhm@senate.gov,Male,689.46
636,Adela,Featherstonhaugh,afeatherstonhaughhn@china.com.cn,Female,360.53
637,Carilyn,Maker,cmakerho@barnesandnoble.com,Female,-680.5
638,Margie,Wylam,mwylamhp@nps.gov,Female,605.23
639,Robinetta,Montfort,rmontforthq@webmd.com,Female,737.33
640,Frants,Leng,flenghr@google.it,Male,-233.19
641,Adan,Daunter,adaunterhs@newyorker.com,Female,-703.07
642,Aeriel,Redemile,aredemileht@google.cn,Female,397.93
643,Jarrett,Wade,jwadehu@bloglovin.com,Male,-559.04
644,Oberon,Elan,oelanhv@yelp.com,Male,-881.77
645,Maryjane,Redmond,mredmondhw@thetimes.co.uk,Female,391.83
646,Edsel,Gately,egatelyhx@blogger.com,Male,-226.59
647,Clayborne,Curwood,ccurwoodhy@jalbum.net,Male,-629.08
648,Dorry,Crosseland,dcrosselandhz@taobao.com,Female,-964.34
649,Catarina,Camocke,ccamockei0@moonfruit.com,Female,865.63
650,Diahann,Allardyce,dallardycei1@fastcompany.com,Female,625.52
651,Windham,Lawry,wlawryi2@buzzfeed.com,Male,475.89
652,Rivy,Ranscombe,rranscombei3@fotki.com,Female,683.49
653,Hobie,Glasscoe,hglasscoei4@cdbaby.com,Agender,705.1
654,Israel,Timmis,itimmisi5@seesaa.net,Male,390.31
655,Koo,Stanlack,kstanlacki6@ovh.net,Female,-753.84
656,Nikolaus,Broscombe,nbroscombei7@163.com,Male,-685.14
657,Jamill,Teasell,jteaselli8@networksolutions.com,Male,-744.75
658,Biddy,Bowlands,bbowlandsi9@discuz.net,Female,-159.23
659,Tedman,Hasloch,thaslochia@networkadvertising.org,Male,884.64
660,Sophey,Speller,sspellerib@google.ca,Female,245.13
661,Shellie,Peatheyjohns,speatheyjohnsic@tamu.edu,Female,872.46
662,Gene,Georgius,ggeorgiusid@techcrunch.com,Male,-46.12
663,Sinclare,Muat,smuatie@scribd.com,Male,-158.59
664,Mahmoud,Merriton,mmerritonif@mediafire.com,Bigender,409.97
665,Dulci,Anger,dangerig@abc.net.au,Female,158.27
666,Morgan,Kirley,mkirleyih@alexa.com,Male,-636.63
667,Dan,Reville,drevilleii@ftc.gov,Male,739.07
668,Rozella,Grafom,rgrafomij@cargocollective.com,Female,-31.85
669,Gilburt,Graber,ggraberik@webeden.co.uk,Male,-480.21
670,Ilise,Doughartie,idoughartieil@netlog.com,Female,-944.84
671,Currey,Baistow,cbaistowim@cbc.ca,Male,-352.9
672,Barnabe,Scapelhorn,bscapelhornin@fc2.com,Male,-641.31
673,Dalila,Legrice,dlegriceio@hostgator.com,Female,-772.35
674,Foss,Ellis,fellisip@apple.com,Male,84.97
675,Doro,Rambadt,drambadtiq@facebook.com,Female,187.98
676,Hugues,Issac,hissacir@smugmug.com,Male,-187.13
677,Hyacinth,Shee,hsheeis@statcounter.com,Female,880.89
678,Vanni,Sheircliffe,vsheircliffeit@google.com.au,Female,-579.8
679,Drew,Arro,darroiu@webs.com,Male,29.76
680,Wyatan,Dearlove,wdearloveiv@microsoft.com,Genderqueer,-633.46
681,Kali,Devall,kdevalliw@studiopress.com,Bigender,909.96
682,Bogey,Widdowson,bwiddowsonix@tinypic.com,Male,328.31
683,Ward,Gundrey,wgundreyiy@pcworld.com,Male,992.19
684,Nicol,Huge,nhugeiz@miitbeian.gov.cn,Male,257.26
685,Chadwick,Matej,cmatejj0@cbc.ca,Male,940.28
686,Paulo,Brazear,pbrazearj1@bbc.co.uk,Male,370.61
687,Thain,Stedall,tstedallj2@51.la,Male,-383.51
688,Bern,Ajsik,bajsikj3@ucsd.edu,Male,782.2
689,Maren,Djokovic,mdjokovicj4@amazonaws.com,Female,-905.07
690,Norma,Dunnan,ndunnanj5@devhub.com,Female,730.68
691,Tomas,Gorhardt,tgorhardtj6@apple.com,Male,867.89
692,Nike,Blaisdell,nblaisdellj7@wp.com,Female,916.26
693,Rachelle,Greendale,rgreendalej8@multiply.com,Female,-841.99
694,Alfreda,Gilbane,agilbanej9@ucoz.ru,Female,-136.63
695,Waylin,Dymott,wdymottja@acquirethisname.com,Male,695.22
696,Genny,Loidl,gloidljb@chicagotribune.com,Female,-204.06
697,Malissia,Simonard,msimonardjc@example.com,Agender,862.57
698,Deeyn,Laudham,dlaudhamjd@fc2.com,Female,-652.5
699,Renaldo,Littledike,rlittledikeje@deviantart.com,Bigender,-984.71
700,Bryan,de Glanville,bdeglanvillejf@imageshack.us,Male,549.99
701,Daryn,Persich,dpersichjg@imageshack.us,Female,388.57
702,Ariadne,Servant,aservantjh@hp.com,Female,-979.42
703,Demetria,Guiett,dguiettji@gizmodo.com,Female,-101.47
704,Aron,Parmley,aparmleyjj@reverbnation.com,Male,-758.3
705,Hernando,Eteen,heteenjk@google.es,Male,-790.0
706,Augusto,Tinwell,atinwelljl@123-reg.co.uk,Male,97.86
707,Kamilah,Gribben,kgribbenjm@mashable.com,Female,873.49
708,Johnna,Lorek,jlorekjn@cdc.gov,Female,-569.83
709,Kristel,Skelly,kskellyjo@csmonitor.com,Female,-938.48
710,Vail,Abrahmovici,vabrahmovicijp@nih.gov,Male,190.08
711,Teriann,Tebbitt,ttebbittjq@ovh.net,Female,205.81
712,Dorie,Loche,dlochejr@marriott.com,Male,-854.99
713,Leonore,Coulman,lcoulmanjs@issuu.com,Female,-702.83
714,Marja,Brumfield,mbrumfieldjt@sohu.com,Female,-240.54
715,Jacynth,Bagley,jbagleyju@1688.com,Female,751.87
716,Dominik,Milkin,dmilkinjv@tripod.com,Male,803.01
717,Langsdon,Playfoot,lplayfootjw@privacy.gov.au,Male,-615.6
718,Dianna,Aslen,daslenjx@youtu.be,Genderqueer,-601.41
719,Ody,Tottie,otottiejy@istockphoto.com,Bigender,-845.79
720,Shaylah,Ffoulkes,sffoulkesjz@sun.com,Female,-333.78
721,Dell,Lippingwell,dlippingwellk0@forbes.com,Male,-302.65
722,Agretha,Speedin,aspeedink1@xing.com,Female,-67.97
723,Desiree,Adriani,dadrianik2@gravatar.com,Genderqueer,865.3
724,Westley,Carless,wcarlessk3@mediafire.com,Male,-380.38
725,Farris,Phippard,fphippardk4@wikimedia.org,Male,224.86
726,Chico,Wykes,cwykesk5@liveinternet.ru,Male,302.62
727,Nerte,Dunne,ndunnek6@com.com,Female,39.89
728,Boy,MacLeese,bmacleesek7@nymag.com,Male,-158.57
729,Fanchette,Sawley,fsawleyk8@1688.com,Genderqueer,591.93
730,Francene,Gouinlock,fgouinlockk9@psu.edu,Female,-897.22
731,Fabiano,Le Grand,flegrandka@themeforest.net,Male,439.18
732,Dew,Redfield,dredfieldkb@mozilla.com,Male,193.03
733,Jillian,Gowanlock,jgowanlockkc@liveinternet.ru,Female,316.44
734,Darbee,Fost,dfostkd@cafepress.com,Male,-54.43
735,Ashlen,Thalmann,athalmannke@phoca.cz,Bigender,705.66
736,Gris,Keese,gkeesekf@lycos.com,Male,286.03
737,Estel,O'Canavan,eocanavankg@arstechnica.com,Female,623.55
738,Nanine,Androli,nandrolikh@gravatar.com,Female,130.31
739,Abbey,McLaine,amclaineki@tinypic.com,Male,-961.27
740,Olivette,McConigal,omcconigalkj@kickstarter.com,Female,804.23
741,Gib,Bradley,gbradleykk@abc.net.au,Male,-185.0
742,Brigham,Tripean,btripeankl@youku.com,Male,29.53
743,Zane,Brambell,zbrambellkm@gmpg.org,Male,-727.97
744,Dorri,Zoanetti,dzoanettikn@kickstarter.com,Female,743.3
745,Sarena,Pallis,spallisko@goodreads.com,Female,-396.65
746,Norbert,Bockmaster,nbockmasterkp@youtube.com,Bigender,451.88
747,Welsh,Spinetti,wspinettikq@miitbeian.gov.cn,Male,-357.94
748,Meir,Parris,mparriskr@over-blog.com,Male,-938.79
749,Grannie,Seckom,gseckomks@columbia.edu,Male,457.28
750,Katinka,Skentelbery,kskentelberykt@sciencedirect.com,Female,958.61
751,Kelly,Wemyss,kwemyssku@nasa.gov,Male,-340.32
752,Murielle,Aucott,maucottkv@shutterfly.com,Female,-941.87
753,Hayward,Bedlington,hbedlingtonkw@va.gov,Polygender,-19.45
754,Fawnia,Erik,ferikkx@discovery.com,Bigender,112.72
755,Gran,Aaronson,gaaronsonky@state.tx.us,Male,332.63
756,Simone,Sumpner,ssumpnerkz@bbc.co.uk,Female,-116.57
757,Michaelina,Morgans,mmorgansl0@theguardian.com,Female,749.21
758,Ursula,Elsmor,uelsmorl1@samsung.com,Female,842.39
759,Farrah,Talks,ftalksl2@twitpic.com,Genderqueer,842.15
760,Berkly,Krysztowczyk,bkrysztowczykl3@aboutads.info,Male,511.82
761,Talia,Penman,tpenmanl4@etsy.com,Female,755.75
762,Martie,Sloam,msloaml5@boston.com,Male,622.19
763,Waly,Mandal,wmandall6@live.com,Female,-103.81
764,Fredelia,Norledge,fnorledgel7@mtv.com,Female,-968.04
765,Ainslee,Fessions,afessionsl8@dailymotion.com,Female,592.12
766,Mufinella,Underdown,munderdownl9@sogou.com,Non-binary,86.94
767,Claudelle,Ashwood,cashwoodla@over-blog.com,Female,492.56
768,Meara,Guppie,mguppielb@thetimes.co.uk,Female,349.31
769,Jobye,Durber,jdurberlc@dedecms.com,Female,504.51
770,Rachele,Snozzwell,rsnozzwellld@alexa.com,Female,312.99
771,Dee,Evemy,devemyle@patch.com,Female,5.72
772,Willow,Matusov,wmatusovlf@who.int,Female,-65.25
773,Ginevra,Bury,gburylg@house.gov,Female,61.39
774,Sallee,Clere,sclerelh@e-recht24.de,Female,321.29
775,Gabey,Misk,gmiskli@blog.com,Female,313.76
776,Phylys,Moncur,pmoncurlj@tumblr.com,Female,710.39
777,Bentlee,Dumpleton,bdumpletonlk@china.com.cn,Male,183.54
778,Drud,Garroway,dgarrowayll@timesonline.co.uk,Male,-482.74
779,Isadore,McCullock,imccullocklm@engadget.com,Male,818.46
780,Joela,Prator,jpratorln@sciencedaily.com,Female,804.64
781,Heinrik,Goodale,hgoodalelo@sphinn.com,Male,631.86
782,Nickolas,Divill,ndivilllp@sfgate.com,Male,389.05
783,Nickolas,McAndie,nmcandielq@blogs.com,Male,172.71
784,Nilson,Iacovielli,niacoviellilr@prweb.com,Male,893.58
785,Hayyim,Stellino,hstellinols@g.co,Male,412.25
786,Ly,Gaskins,lgaskinslt@goodreads.com,Male,-35.98
787,Sally,Tonepohl,stonepohllu@1und1.de,Female,933.14
788,Cobby,Coyte,ccoytelv@wired.com,Male,766.73
789,Moishe,Batters,mbatterslw@harvard.edu,Male,-344.97
790,Lilah,Kohlert,lkohlertlx@odnoklassniki.ru,Female,674.85
791,Sharona,Chadney,schadneyly@example.com,Female,-911.73
792,Beauregard,Ivanshintsev,bivanshintsevlz@nsw.gov.au,Male,784.68
793,Ronnie,Plews,rplewsm0@psu.edu,Male,-261.1
794,Colet,Rubartelli,crubartellim1@ning.com,Male,952.94
795,Karoly,Loughrey,kloughreym2@nasa.gov,Genderfluid,-417.81
796,Jasmin,Counihan,jcounihanm3@1und1.de,Female,-827.84
797,Robena,Shimmin,rshimminm4@apache.org,Genderqueer,-460.78
798,Emmott,Toop,etoopm5@amazon.com,Male,-516.44
799,Barney,Garlette,bgarlettem6@nih.gov,Male,-915.44
800,Skip,Shreeves,sshreevesm7@ebay.com,Agender,-409.82
801,Frieda,Dowsey,fdowseym8@youtu.be,Female,-186.86
802,William,Danbury,wdanburym9@prlog.org,Male,152.32
803,Briant,Prugel,bprugelma@reverbnation.com,Male,-104.88
804,Terese,Hamill,thamillmb@hibu.com,Female,-299.84
805,Vallie,Boanas,vboanasmc@friendfeed.com,Female,-194.02
806,Augy,Barenski,abarenskimd@illinois.edu,Male,989.91
807,Fabien,Jayume,fjayumeme@sbwire.com,Male,-103.47
808,Isabel,Creebo,icreebomf@java.com,Female,301.46
809,Brody,Coit,bcoitmg@weebly.com,Male,678.53
810,Clywd,Tomala,ctomalamh@youku.com,Male,-296.74
811,Felice,Mouton,fmoutonmi@jiathis.com,Female,645.56
812,Richy,Levings,rlevingsmj@imgur.com,Male,-102.75
813,Lucina,Rawlins,lrawlinsmk@vinaora.com,Female,-15.66
814,Anna-diana,McElvine,amcelvineml@ox.ac.uk,Female,-980.46
815,Myrtie,Grumbridge,mgrumbridgemm@xrea.com,Female,-804.97
816,Ax,Cundy,acundymn@nbcnews.com,Male,399.19
817,Gerianna,Ace,gacemo@nbcnews.com,Female,-46.03
818,Huntington,Edgeley,hedgeleymp@infoseek.co.jp,Genderqueer,821.62
819,Ellsworth,Hollington,ehollingtonmq@opera.com,Male,650.89
820,Stacie,Raunds,sraundsmr@istockphoto.com,Female,48.74
821,Pincus,Olivera,poliverams@storify.com,Male,-548.06
822,Veronike,Corde,vcordemt@plala.or.jp,Genderqueer,-406.3
823,Althea,Champniss,achampnissmu@newsvine.com,Female,-361.93
824,Trudi,Bourget,tbourgetmv@blog.com,Female,921.86
825,Kendre,Renfrew,krenfrewmw@wikia.com,Female,97.75
826,Nellie,Bauldrey,nbauldreymx@flickr.com,Female,608.59
827,Vale,Burtonshaw,vburtonshawmy@meetup.com,Male,611.97
828,Gearard,Cotterell,gcotterellmz@example.com,Male,529.32
829,Tessy,Kingham,tkinghamn0@microsoft.com,Female,-518.12
830,Madelin,Jorn,mjornn1@fc2.com,Female,332.38
831,Marilin,Crumb,mcrumbn2@si.edu,Female,332.97
832,Ashlen,Wornham,awornhamn3@digg.com,Female,-629.67
833,Annadiana,Raecroft,araecroftn4@utexas.edu,Female,344.51
834,Gerick,Drinkhill,gdrinkhilln5@wsj.com,Male,879.51
835,Adel,Juanes,ajuanesn6@npr.org,Female,-678.07
836,Ariel,Massow,amassown7@smugmug.com,Male,-470.91
837,Tony,Snugg,tsnuggn8@un.org,Female,122.78
838,Hannis,Norfolk,hnorfolkn9@wordpress.org,Female,412.27
839,Sergei,Manis,smanisna@odnoklassniki.ru,Male,892.6
840,Lem,Bridson,lbridsonnb@unblog.fr,Polygender,-662.75
841,Harriott,Doncaster,hdoncasternc@alexa.com,Female,-286.3
842,Abran,Trenchard,atrenchardnd@businesswire.com,Polygender,958.42
843,Jasper,Meller,jmellerne@bandcamp.com,Male,365.03
844,Taylor,Combes,tcombesnf@cyberchimps.com,Male,-123.22
845,Lonnard,MacNeilage,lmacneilageng@e-recht24.de,Male,-363.22
846,Corella,Daveley,cdaveleynh@ning.com,Bigender,-247.98
847,Josey,Showl,jshowlni@cdbaby.com,Female,-574.64
848,Querida,Srutton,qsruttonnj@economist.com,Female,425.54
849,Ringo,Pohling,rpohlingnk@facebook.com,Male,-895.08
850,Delmar,Cicchinelli,dcicchinellinl@adobe.com,Male,-361.7
851,Pauli,Shovelton,pshoveltonnm@arizona.edu,Female,496.52
852,Fiann,Burdett,fburdettnn@ezinearticles.com,Female,245.36
853,Fabiano,Okeshott,fokeshottno@acquirethisname.com,Male,455.61
854,Maryjane,Vanlint,mvanlintnp@dailymotion.com,Non-binary,-736.59
855,Hamid,Marshland,hmarshlandnq@msu.edu,Male,846.48
856,Armando,Grishagin,agrishaginnr@cnbc.com,Male,-692.64
857,Willie,Hazeltine,whazeltinens@issuu.com,Female,-614.2
858,Meryl,Beamiss,mbeamissnt@scientificamerican.com,Male,233.05
859,Elie,Meacher,emeachernu@hexun.com,Female,-239.89
860,Orbadiah,Albers,oalbersnv@nba.com,Male,-494.65
861,Chloe,Cecchetelli,ccecchetellinw@twitter.com,Female,-58.41
862,Elissa,Grishechkin,egrishechkinnx@ft.com,Female,-893.61
863,Frank,Charlick,fcharlickny@dailymotion.com,Male,120.72
864,Moyra,Olczyk,molczyknz@elpais.com,Female,435.02
865,Pattie,Manhood,pmanhoodo0@columbia.edu,Female,-724.45
866,Bronny,Barford,bbarfordo1@moonfruit.com,Male,892.88
867,Vernice,Broadbury,vbroadburyo2@usgs.gov,Female,-422.09
868,Fanni,Connachan,fconnachano3@cbsnews.com,Female,-137.52
869,Henderson,McSherry,hmcsherryo4@ftc.gov,Male,497.01
870,Cyrille,Swainger,cswaingero5@google.cn,Male,597.5
871,Henrieta,Stagge,hstaggeo6@google.ca,Female,349.87
872,Yankee,Chasney,ychasneyo7@slashdot.org,Male,-698.49
873,Rosina,Durtnal,rdurtnalo8@comsenz.com,Female,362.09
874,Juli,Gildersleeve,jgildersleeveo9@fema.gov,Female,252.76
875,Torrin,Challace,tchallaceoa@businessweek.com,Male,112.61
876,Rowena,Villa,rvillaob@skyrock.com,Female,58.96
877,Tiffie,Fernley,tfernleyoc@themeforest.net,Polygender,423.2
878,Ronny,Chadburn,rchadburnod@gnu.org,Female,-850.33
879,Sissie,Zealander,szealanderoe@google.de,Female,526.49
880,Boris,Stean,bsteanof@miitbeian.gov.cn,Male,-764.15
881,Hastings,Wildey,hwildeyog@amazon.co.jp,Male,-839.16
882,Ross,Gontier,rgontieroh@sun.com,Male,-593.24
883,Lotty,Windley,lwindleyoi@google.nl,Female,122.53
884,Marcelle,Klossek,mklossekoj@psu.edu,Female,295.22
885,Dennet,Wickstead,dwicksteadok@va.gov,Male,-83.21
886,Paige,Gledhall,pgledhallol@mediafire.com,Female,356.49
887,Bealle,Skahill,bskahillom@hhs.gov,Male,594.99
888,Cort,Roose,crooseon@livejournal.com,Male,-67.89
889,Sauveur,Wivell,swivelloo@lulu.com,Male,-55.42
890,Waverley,Rudolph,wrudolphop@wordpress.org,Male,404.61
891,Barby,Alderman,baldermanoq@facebook.com,Female,210.46
892,Rosemonde,Di Carlo,rdicarloor@globo.com,Female,-546.46
893,Caren,Breydin,cbreydinos@bandcamp.com,Female,453.56
894,Ikey,Circuitt,icircuittot@youtube.com,Male,-701.27
895,Isa,Scurfield,iscurfieldou@hubpages.com,Female,-996.33
896,Joycelin,Bladon,jbladonov@feedburner.com,Female,217.55
897,Amalia,Hatherall,ahatherallow@uiuc.edu,Female,366.53
898,Lorine,Iacomettii,liacomettiiox@examiner.com,Genderqueer,-536.59
899,Melisandra,Burds,mburdsoy@umich.edu,Female,325.57
900,Alphonso,Wisdom,awisdomoz@latimes.com,Male,745.04
901,Eustace,Patterfield,epatterfieldp0@google.ru,Male,745.47
902,Horatius,Fidelli,hfidellip1@chicagotribune.com,Male,-680.64
903,Milli,Aisthorpe,maisthorpep2@ehow.com,Genderfluid,-340.16
904,Haley,Cowgill,hcowgillp3@pen.io,Male,-527.93
905,Sybil,Soares,ssoaresp4@loc.gov,Female,233.54
906,Thornie,Caldron,tcaldronp5@accuweather.com,Male,148.24
907,Mayor,Tipling,mtiplingp6@newyorker.com,Male,-847.48
908,Clifford,Cato,ccatop7@arizona.edu,Male,241.32
909,Barb,Faust,bfaustp8@cyberchimps.com,Female,-155.37
910,Dimitry,Scriviner,dscrivinerp9@netvibes.com,Male,494.51
911,Trip,Giacomelli,tgiacomellipa@studiopress.com,Male,-977.69
912,Cate,Lyddy,clyddypb@uiuc.edu,Female,866.52
913,Gar,Gaskarth,ggaskarthpc@indiatimes.com,Male,-243.87
914,Reinhold,Moncrieffe,rmoncrieffepd@uiuc.edu,Male,816.0
915,Maris,Espadas,mespadaspe@simplemachines.org,Female,645.21
916,Lita,Scholfield,lscholfieldpf@slate.com,Female,346.05
917,Donnie,Humphrey,dhumphreypg@time.com,Male,693.34
918,Demeter,Bowe,dboweph@berkeley.edu,Female,257.63
919,Clemmy,Cardenoza,ccardenozapi@seattletimes.com,Male,-955.89
920,Berrie,Hampe,bhampepj@sun.com,Female,306.89
921,Fin,Luttgert,fluttgertpk@whitehouse.gov,Male,-592.57
922,Lidia,Eyden,leydenpl@cdbaby.com,Female,-512.84
923,Tasia,Corneck,tcorneckpm@furl.net,Female,787.58
924,Shelby,Condict,scondictpn@google.ru,Female,528.16
925,Dolores,Audley,daudleypo@ed.gov,Female,633.65
926,Jilly,Koschek,jkoschekpp@tiny.cc,Female,-427.38
927,Spenser,Gamet,sgametpq@4shared.com,Male,-381.25
928,William,Jensen,wjensenpr@blinklist.com,Male,912.54
929,Hilly,Knoller,hknollerps@elegantthemes.com,Male,-114.07
930,Karena,Judron,kjudronpt@bbc.co.uk,Bigender,760.11
931,Lucais,Defries,ldefriespu@rakuten.co.jp,Male,489.78
932,Randie,Wisher,rwisherpv@edublogs.org,Female,505.12
933,Belicia,Yarnall,byarnallpw@webmd.com,Female,-79.63
934,Eolanda,Bacchus,ebacchuspx@bandcamp.com,Female,222.97
935,Yolane,Trusty,ytrustypy@google.cn,Agender,657.53
936,Fernanda,Haggidon,fhaggidonpz@mlb.com,Female,199.4
937,Val,Thomkins,vthomkinsq0@hud.gov,Male,-877.25
938,Aura,Bullas,abullasq1@umich.edu,Female,714.07
939,Conney,Hebden,chebdenq2@smugmug.com,Male,-302.72
940,Feliks,O'Docherty,fodochertyq3@ucoz.com,Male,-628.87
941,Liva,Moreman,lmoremanq4@nytimes.com,Female,473.67
942,Magdalen,Treadgall,mtreadgallq5@amazon.de,Female,575.76
943,Gael,Tellenbroker,gtellenbrokerq6@discovery.com,Female,715.92
944,Eliza,Shrimplin,eshrimplinq7@who.int,Female,697.59
945,Karrah,Slopier,kslopierq8@fc2.com,Female,69.17
946,Karlie,Ghidoli,kghidoliq9@ebay.co.uk,Agender,-491.85
947,Jay,Cheavin,jcheavinqa@sakura.ne.jp,Male,499.63
948,Selig,Spur,sspurqb@hc360.com,Male,242.18
949,Maddi,Fladgate,mfladgateqc@flickr.com,Female,228.62
950,Bryn,Whotton,bwhottonqd@mayoclinic.com,Polygender,404.26
951,Faustina,Elder,felderqe@infoseek.co.jp,Female,-633.12
952,Fredrika,McGuggy,fmcguggyqf@shutterfly.com,Female,197.86
953,Leeann,Guerra,lguerraqg@fotki.com,Female,564.75
954,Rivi,Crauford,rcraufordqh@earthlink.net,Female,-653.24
955,Jaye,Karpmann,jkarpmannqi@google.com.br,Male,-977.95
956,Sherye,Flowitt,sflowittqj@wikispaces.com,Polygender,47.61
957,Gayel,Tussaine,gtussaineqk@yandex.ru,Female,-50.85
958,Mallory,Emerson,memersonql@sitemeter.com,Female,685.55
959,Calley,Stickells,cstickellsqm@google.de,Female,909.33
960,Gilles,Carrane,gcarraneqn@slashdot.org,Male,605.04
961,Vivienne,Duthie,vduthieqo@ft.com,Female,588.34
962,Kaycee,Powling,kpowlingqp@mtv.com,Female,686.33
963,Sheffy,Brobyn,sbrobynqq@wufoo.com,Genderfluid,-67.66
964,Rodolphe,Maskill,rmaskillqr@uiuc.edu,Male,-63.63
965,Carrissa,Stowgill,cstowgillqs@webnode.com,Female,835.16
966,Barbe,Chrishop,bchrishopqt@naver.com,Female,568.73
967,Mark,Janaszkiewicz,mjanaszkiewiczqu@tamu.edu,Male,-203.73
968,Jacquelin,Symcox,jsymcoxqv@blogs.com,Female,-605.97
969,Bail,Littlejohns,blittlejohnsqw@google.ru,Male,-506.44
970,Vannie,Endean,vendeanqx@friendfeed.com,Female,-520.18
971,Mayne,Leguey,mlegueyqy@desdev.cn,Male,-121.93
972,Lib,Elton,leltonqz@springer.com,Agender,-500.52
973,Zachariah,Bernard,zbernardr0@accuweather.com,Male,-320.36
974,Carree,Athy,cathyr1@typepad.com,Female,-836.63
975,Aubry,Skill,askillr2@abc.net.au,Female,655.9
976,Karlik,Wozencraft,kwozencraftr3@howstuffworks.com,Male,-937.95
977,Devlin,Baugh,dbaughr4@pen.io,Male,-485.58
978,Adriena,Paffitt,apaffittr5@ebay.co.uk,Female,744.01
979,Ken,Cymper,kcymperr6@census.gov,Male,-612.31
980,Janetta,Saben,jsabenr7@bizjournals.com,Female,-565.5
981,Clementius,Malinson,cmalinsonr8@ca.gov,Male,-509.14
982,Angelita,Kilbourn,akilbournr9@google.co.jp,Genderfluid,494.64
983,Stanton,Yarrington,syarringtonra@latimes.com,Male,819.58
984,Maria,Deaville,mdeavillerb@ezinearticles.com,Female,839.28
985,Emory,Eich,eeichrc@jalbum.net,Male,-482.04
986,Anthea,Bolmann,abolmannrd@tripadvisor.com,Female,-657.72
987,Bryce,Hierro,bhierrore@economist.com,Genderqueer,124.97
988,Forbes,Le Marquis,flemarquisrf@usa.gov,Male,424.44
989,Maura,Gerrit,mgerritrg@nasa.gov,Female,6.9
990,Dane,de Verson,ddeversonrh@walmart.com,Male,770.26
991,Boycey,Calway,bcalwayri@rediff.com,Non-binary,-709.28
992,Mallissa,Campes,mcampesrj@aboutads.info,Female,4.24
993,Hershel,Ewing,hewingrk@bloglines.com,Male,891.86
994,Antonetta,Lefort,alefortrl@histats.com,Female,672.63
995,Alfie,Teall,ateallrm@constantcontact.com,Male,132.26
996,Joline,Rubinowitz,jrubinowitzrn@shareasale.com,Female,829.62
997,Joey,Ronaghan,jronaghanro@hugedomains.com,Male,786.4
998,Freddi,Wescott,fwescottrp@goo.gl,Polygender,967.13
999,Artie,Vaudrey,avaudreyrq@nifty.com,Male,988.17
1000,Jarid,Featherstonhaugh,jfeatherstonhaughrr@twitter.com,Male,-590.13
